日期,序号,模版名称,模版字数,模版关键词提取：主体信息,模版关键词提取：标的,模版关键词提取：价款与支付信息,模版关键词提取：交易,关键词串联：主体信息,关键词串联：标的,关键词串联：价款与支付信息,关键词串联：交易,模版标准度打分,合同类型,合同类型-一级,合同类型-二级,备注
20250331,1,1_玉米中心批发市场玉米交货储存合同,2559,交易商|仓库|批发市场|货主|质检机构,玉米|交货|储存|倒垛|缝口|补眼|整包|挑选|更换|包装|筛选|晾晒|熏蒸,元/吨|元/件|费用|支付|标准|仓储费|熏蒸费|损耗|扣减|地磅|计量,入库|验收|重量|质量|包装|检验|水分|容重|杂质|霉变|异味|活虫|发热|缝口|针数|货位|标识|仓单|注册|提货|地磅|损耗率|熏蒸|通知|处理|赔偿|保险|短缺|补款|协商,本合同涉及的主体包括交易商、仓库、批发市场、货主及质检机构。交易商负责玉米的买卖交易，仓库提供玉米的储存及相关服务，批发市场作为交易平台，货主为玉米的所有权人，质检机构负责对玉米的质量进行检验。,本合同标的为玉米的仓储管理服务，包括但不限于玉米的入库、储存、倒垛、缝口、补眼、整包、挑选、更换包装、筛选、晾晒及熏蒸等作业内容，确保玉米在储存期间的质量安全。,合同价款以元/吨或元/件为计价单位，具体费用包括仓储费、熏蒸费、地磅计量费等。支付方式按合同约定执行，损耗部分按标准扣减，货主需按时支付相关费用。,玉米入库前需进行验收，包括重量、质量、包装等检验，重点关注水分、容重、杂质、霉变、异味、活虫、发热等指标。包装缝口针数需符合标准，货位标识清晰。仓单注册后，货主可凭单提货，地磅计量损耗率按约定执行。熏蒸作业需提前通知，发现问题及时处理，短缺或质量问题按协商结果赔偿或补款，必要时可购买保险以降低风险。,105,仓储合同,仓储合同,无,
20250331,2,2_铁矿石仓单服务经纪合同(参考文本，会员-服务商),3267,期货公司|服务商|交易所|法人客户|特殊法人,铁矿石|仓单|置换仓单|法人客户|交割需求,手续费|资金利息|货款差额|资金划转|交存资金,指令下达|资金充足|指令审核|指令撤回|指令修改|交易结果|异议处理|错误执行|风险控制|终止合同|账户清算|免责条款|争议解决|合同变更|合同终止|账户查询|原始凭证|业务规则|交易所规则|资金管理|仓单交付|仓单转让|服务权限|交易编码|现货情况,本合同涉及的主体包括期货公司、服务商、交易所及法人客户（含特殊法人）。各方需按照业务规则履行权利义务，确保交易合规,合同标的：“本合同标的为铁矿石及相关仓单业务，包括置换仓单服务。主要面向具有交割需求的法人客户，提供规范的仓单交付与转让服务。”,合同价款涉及手续费、资金利息及货款差额等费用。资金划转需确保交存资金充足，并按约定方式结算，避免资金管理风险。,交易条款涵盖指令下达、审核、修改及撤回等流程。交易结果以交易所规则为准，若出现错误执行或异议，按争议解决条款处理。风险控制措施包括终止合同、账户清算及免责条款。合同变更或终止需书面确认，并保留原始凭证备查,115,委托行纪中介合同--行纪合同,委托行纪中介合同,行纪合同,
20250331,3,3_铁矿石仓单转让协议(参考文本),1006,客户|服务商|期货公司|会员|四方,铁矿石|仓单|完税仓单|保税仓单|矿种|质量|品牌|地点|仓库|数量,货款|结算价|升贴水|差额|对冲|费用|手续费|入金|万元|支付,转让|置换|申请|提交|确认|流程|发票|增值税|专用|普通|开具|生效|签字|盖章|传真|电子仓单|交割|最后交易日|交易日|结算|委托|规则|管理办法,本合同涉及四方主体，包括客户、服务商、期货公司及会员单位。各方应按照约定履行各自权利义务，共同完成合同项下的交易事项。,本合同标的物为铁矿石，包括完税仓单和保税仓单两种形式。标的物需明确矿种、质量、品牌等具体规格要求，并约定具体交割地点、仓库及数量等要素,合同价款以结算价为基础，考虑升贴水等因素确定最终货款金额。支付方式包括万元为单位的入金支付，涉及差额对冲、手续费等费用结算。双方应按时足额完成款项支付,交易流程包括仓单转让、置换申请提交与确认等环节。涉及增值税专用发票或普通发票的开具要求。合同自签字盖章后生效，可通过传真或电子仓单形式确认。交易需遵守最后交易日、结算日等时间节点，按照委托规则及相关管理办法执行交割程序,110,买卖合同--仓储合同,买卖合同,仓储合同,协议
20250331,4,4_仓储合同(样式八),6265,寄存人|保管人|存货人|仓单持有人|委托代理人,货物|仓储物|品种|规格|数量|质量|包装|损耗,保管费|转仓费|装卸费|养护费|租金|预付|尾款|转账|账号|违约金,验收标准|入库手续|出库手续|保管期限|储存条件|检查权|处置权|仓单签发|样品提取|危险物品|易腐物品|技术资料|通知义务|催告义务|提存权|索赔期|运输代办|包装要求|定期检查|紧急处理|退仓责任|逾期提取|提前提取|保管不善|实际损失|内部授权|保密义务|不可抗力|书面通知|争议解决,本合同主体包括寄存人（存货人）及其委托代理人，保管人（仓库经营方）以及仓单持有人等权利义务相关方。,本合同标的为货物仓储服务，具体包括仓储物的品种、规格、数量、质量要求及包装标准，并明确约定货物在保管期间的合理损耗范围。,合同价款包含保管费、转仓费、装卸费、养护费及仓库租金等费用，支付方式为预付部分款项，尾款通过指定账号转账结算，逾期付款需支付违约金,交易条款涵盖货物验收标准、出入库手续办理、保管期限约定、特殊储存条件要求（如危险物品、易腐物品等）、保管方检查权与处置权、仓单签发程序、样品提取规则、技术资料保管要求、各方通知与催告义务、提存权行使条件、索赔期限约定、运输代办服务、包装特殊要求、定期检查制度、紧急处理程序、退仓责任划分、逾期/提前提取处理、保管不善赔偿标准（以实际损失为限）、内部授权要求、保密义务、不可抗力处理、书面通知要求及争议解决机制等。,95,仓储合同,仓储合同,无,
20250331,5,5_供气合同,4328,燃气|地址|种类|性质|数量|调峰|用具|贮气|气站,燃气|地址|种类|性质|数量|调峰|用具|贮气|气站,价格|计量|气费|结算|银行|交费|滞纳|调价|标准|器具,管道|瓶组|瓶装|气质|压力|检修|保养|维修|安全|标志|检查|监督|维护|产权|分界|设施|器具|钢瓶|残液|改装|接通|变更|转供|加热|倒灌|标记|投诉|堆放|明火|报警,本合同主体为供气方（具有合法经营资质的燃气供应企业）与用气方（包括企业或个人用户）。供气方需具备法定经营许可，可通过委托或代理方式履行合同义务；用气方需提供真实有效的身份及用气资质证明，双方均应按约定履行权利义务,本合同标的为燃气供应服务，具体包括管道燃气、瓶组燃气及瓶装燃气等多种供气种类，涉及民用、商用等不同用气性质。供气数量以实际计量为准，包含调峰供气服务。供气范围涵盖用气方指定地址，包括燃气用具安装及贮气设施（如气站）的配套服务,燃气价格按照政府指导价或双方协商标准执行，以实际计量器具记录数据为结算依据。用气方应按时通过银行转账等方式支付气费，逾期需缴纳滞纳金。遇政策性调价时，按新标准执行。结算周期、交费方式及计量器具校验规则均在合同中明确约定,供气方式包括管道输送、瓶组或瓶装供应，气质压力需符合国家标准。供气方负责设施检修、保养及维修，用气方不得擅自改装管道或钢瓶。产权分界点以入户总阀为界，分界点外设施由供气方维护。严禁倒灌、转供、明火堆放等危险行为，需设置安全标志和报警装置。用气方应配合安全检查，投诉建议可通过指定渠道反馈。”,103,供气合同,供气合同,无,
20250331,6,6_北京市非居民瓶装液化石油气供用合同（示范文本BF—2020—0502）,2356,用户|供气企业|餐饮|采暖|工业|液化气,液化气|气瓶|气相瓶|液相瓶|报警器|切断阀|防爆风机|用气设备,押金|预付款|赊销|即时付款|购气款|结算|单价|公斤|充装量,安全检查|配送|隐患整改|技术服务|专人检查|安全培训|购气凭证|气瓶编号|信息化管理|书面告知|停止供气|解除合同|气瓶押金|用气场所|供气系统,本合同主体为用户与供气企业，用户包括餐饮、采暖、工业等领域的液化气使用者，供气企业负责液化气的供应及相关服务。,本合同标的为液化气及相关设备，包括气瓶（气相瓶、液相瓶）、报警器、切断阀、防爆风机等用气设备，确保用户安全使用液化气。,合同价款包括购气款、押金等费用，支付方式可为预付款、赊销或即时付款。结算按单价（元/公斤）及实际充装量计算，用户需按时支付相关款项。,供气企业需提供安全检查、配送、隐患整改、技术服务（如安全培训、专人检查）等服务。用户需配合信息化管理，提供购气凭证及气瓶编号。若发现用气场所或供气系统存在安全隐患，供气企业有权书面告知并要求整改，严重时可停止供气或解除合同。气瓶押金在合同终止时按约定退还。,125,供给能源合同--供气合同,供给能源合同,供气合同,
20250331,7,7_上海市低压供用电合同(100KW及以上),4367,电力公司|电力用户|供电企业|用电方|供方|用方|第三方|承租方|受让方,用电地址|用电类别|供电方式|用电容量|保安措施|计量装置|电价类别|电费结算,电费|违约金|滞纳金|赔偿金|基本电费|电度电费|分时电价|功率因数|最大需量|银行划拨|缴费通知|欠费|划拨批次|支付方式|结算周期,供电质量|连续供电|停电通知|功率因数|谐波负荷|冲击负荷|波动负荷|非对称负荷|计量装置|电度表|电流互感器|定比定量|强制检定|故障处理|校验申请|产权分界|运行维护|操作权限|紧急情况|用电检查|电工许可|自备发电|增容申请|变更用电|转供限制|地址变更|开户变更|税务变更|营业执照|代码变更,本合同主体包括电力公司（供电企业或供方）与电力用户（用电方或用方），涉及第三方（如承租方、受让方等）时需另行约定权利义务关系。,本合同标的为电力供应服务，具体包括用电地址、用电类别（如工业用电、商业用电等）、供电方式（如高压供电、低压供电等）、用电容量（以千瓦或千伏安为单位）、保安措施（如备用电源、应急措施等）、计量装置（如电度表、电流互感器等）、电价类别（如分时电价、基本电价等）以及电费结算方式（如银行划拨、缴费通知等）。,合同价款主要包括电费（含基本电费、电度电费）、违约金（如欠费滞纳金）、赔偿金（如违约赔偿）等。支付方式为银行划拨，结算周期按约定执行，缴费通知由供方提供，欠费将按批次划扣，并适用分时电价、功率因数调整等计价规则。,供方应确保供电质量，连续供电，特殊情况需提前通知停电。用电方需合规使用电力，避免谐波、冲击、波动等负荷影响电网。计量装置（如电度表）需强制检定，产权分界点明确，运行维护责任划分清晰。用电方变更用电（如增容、地址变更）需申请，不得擅自转供。紧急情况下，供方有权检查用电设施，用电方需配合并提供电工许可证明。,120,供给能源合同--供电合同,供给能源合同,供电合同,
20250331,8,8_广州市城市(非居民)供水用水合同（示范文本SF—2015—0502）,2884,供水人|用水人|非居民|特种用水|物业服务,用水性质|用水地址|客户编号|水表口径|水表位置,水费结算|银行代划|自行缴交|缴费通知|违约金|暂停供水|多退少补|分摊收取|公共用水|补缴水费,供水质量|不间断供水|水质标准|水压标准|抄验水表|更换水表|临时停水|降低水压|复核水费|保护水表|迁移水表|改动水表|申请变更|暂停用水|终止用水|恢复用水|复装材料|冲洗耗水|服务费用,本合同主体为供水人与用水人，其中用水人包括非居民用户、特种用水单位及物业服务企业，各方应按照合同约定履行权利义务。,本合同标的为供水服务，具体包括用水性质为非居民或特种用水，用水地址为指定物业位置，客户编号为唯一识别码，水表口径按实际需求配置，水表位置安装于物业指定区域。,水费结算采用银行代划或自行缴交方式，用水人应按缴费通知及时缴纳。逾期将收取违约金，严重者可暂停供水。实行多退少补原则，公共用水费用由物业服务企业分摊收取。欠费用户需补缴水费方可恢复供水。,供水人应保证供水质量，提供不间断供水服务，水质和水压应符合国家标准。定期抄验水表，必要时更换水表。因检修需临时停水或降低水压应提前通知。用水人可申请复核水费，有义务保护水表，迁移或改动需经申请。用户可申请变更、暂停、终止或恢复用水，相关复装材料及冲洗耗水等服务费用按实收取。,125,供给能源合同--供水合同,供给能源合同,供水合同,
20250331,9,9_少儿终身保障保险合同,3129,健康告知|体检报告|复效申请|批单批注|缴费期限|宽限期|效力中止|效力恢复|退保手续|保险事故|死亡证明|受益权|遗产继承|仲裁诉讼|年龄申报|手续费|比例支付|多退少补|意外伤害|非本意|剧烈伤害|客观事件|解除合同|承保条件|保险费率,少儿险|终身险|保障险|教育金|婚嫁金|养老金|保险金|人寿险|祝寿金|保险费,年缴费|分期付|按份计|免缴费|补缴款|退保费|利息款|比例付|多缴费|少缴费|退保金,健康告知|体检报告|复效申请|批单批注|缴费期限|宽限期|效力中止|效力恢复|退保手续|保险事故|死亡证明|受益权|遗产继承|仲裁诉讼|年龄申报|手续费|比例支付|多退少补|意外伤害|非本意|剧烈伤害|客观事件|解除合同|承保条件|保险费率,本合同的投保人可为父母或监护人，被保险人为婴少儿、初中生、高中生或大学生等适龄人群。受益人可由投保人指定，包括继承人等。保险公司作为承保方，负责保险合同的履行和保险金的给付。,本合同涉及的保险产品包括少儿险、终身险、保障险等多种类型，涵盖教育金、婚嫁金、养老金等不同用途的保险金给付。具体包括人寿险、祝寿金等险种，投保人需按时缴纳保险费以获得相应保障。,保险费支付方式灵活，可选择年缴费或分期付，按份计费。特殊情况下可申请免缴费或补缴款。合同包含退保费、利息款等款项处理，采用比例付方式，实行多缴费退还、少缴费补足的原则，退保时按约定退还退保金。,合同要求投保人如实进行健康告知，必要时提供体检报告。包含复效申请、批单批注等特殊条款。明确缴费期限和宽限期规定，约定效力中止与恢复条件。规范退保手续办理流程，明确保险事故认定标准（需提供死亡证明等材料）。对受益权、遗产继承等权益进行约定，争议解决可通过仲裁诉讼。包含年龄申报、手续费等常规条款，实行比例支付和多退少补原则。特别约定意外伤害（非本意、剧烈伤害、客观事件）的认定标准。明确解除合同条件和承保条件，保险费率按约定执行。,109,保险合同--人寿保险合同,保险合同,人寿保险合同,
20250331,11,11_××人寿保险公司委托中国××银行××市分行代扣保险费合同书（参考文本）,1933,人寿保险|营业部|营销部|银行分行|储蓄所,投保人|身份证号|储蓄账号|开户行|保险费|保单号,人民币|大写|小写|转账|代扣|活期|保费|首期|续期|账户,签字|生效|变更|查询|结账|存款|余额|扣款|转账|通知|异议|备案|密码|户名|投保|支付|责任|期限|条款|申请|解除|核对|收讫|通兑|储蓄,本合同主体包括人寿保险公司及其下属营业部、营销部，以及与保险公司合作的银行分行、储蓄所等机构。,本合同标的为投保人（身份证号：XXX）通过其储蓄账号（开户行：XXX）缴纳保险费，并获取对应保单号的人寿保险产品。,合同价款以人民币计价，金额需同时注明大写和小写。支付方式包括转账、代扣等，保费分为首期和续期，款项存入投保人指定的活期账户。,本合同自双方签字后生效，投保人可申请变更、查询或解除合同。保费支付通过扣款或转账完成，投保人需核对账户余额并确认收讫。银行提供通兑服务，投保人需妥善保管密码及户名信息。如有异议，需及时提出并备案。合同条款明确双方责任、期限及权利义务，投保人需遵守相关储蓄及支付规定,93,保险合同--保险代理合同,保险合同,保险代理合同,
20250331,12,12_机动车辆保险合同,2983,保险人|被保险人|驾驶人员|第三者,汽车|电车|摩托车|拖拉机|机械车|特种车|损失险|责任险,保险金额|赔偿限额|保险费|赔偿款|免赔率|批改费|无赔款优待,保险责任|除外责任|赔偿处理|索赔单证|修理费用|实际价值|新车购置价|协商作价|书面申请|绝对免赔率|代位追偿|权益放弃|维护保养|变更用途|违法活动|合理施救|交通报案|伪造单证|无赔款优待|行驶证号牌,本合同主体包括保险人（承保方）、被保险人（投保方）、驾驶人员（被保险车辆驾驶员）及第三者（事故中涉及的第三方人员或财产所有者）。,本合同涉及的保险标的包括各类机动车辆，如汽车、电车、摩托车、拖拉机、机械车及特种车等，承保险种涵盖车辆损失险及第三者责任险等。,保险金额根据车辆实际价值或新车购置价确定，赔偿限额依据条款约定执行。保险费按约定方式缴纳，赔偿款在事故发生后按免赔率计算赔付。批改费适用于合同变更情形，无赔款优待适用于续保时无理赔记录的客户,保险责任范围及除外责任在条款中明确约定，赔偿处理需提供索赔单证并核算修理费用。车辆价值可按实际价值、新车购置价或协商作价确定。被保险人需书面申请批改事项，事故中适用绝对免赔率。保险人享有代位追偿权，被保险人不得擅自放弃权益。车辆需按时维护保养，变更用途或从事违法活动将影响理赔。事故发生后需合理施救并报案，伪造单证将导致拒赔。行驶证号牌信息需如实提供，续保时符合条件者可享受无赔款优待,122,保险合同--运输工具保险合同,保险合同,运输工具保险合同,
20250331,13,13_中国证券登记结算有限责任公司上海分公司交易型开放式基金登记结算服务协议,3685,登记结算|证券账户|基金托管|销售代理|申购赎回,ETF份额|组合证券|基金份额|现金替代|现金差额,登记费|结算费|备付金|利息|代收代付,初始登记|份额折算|变更登记|清算交收|资金划付|数据报送|账户验证|系统安装|技术支持|接口规范|保密义务|补充协议|生效日期|违约责任|争议解决|业务规则|资金透支|违约处理|申购赎回|份额注销,本合同涉及的主体包括登记结算机构、证券账户持有人、基金托管人、销售代理机构以及参与申购赎回业务的各方。,本合同标的为ETF份额及其相关权益，包括组合证券、基金份额的申购与赎回，以及现金替代和现金差额的结算事宜。,合同价款及相关费用包括登记费、结算费、备付金管理、利息计算以及代收代付业务，各方应按照约定及时履行支付义务。,本合同交易条款涵盖初始登记、份额折算、变更登记、清算交收、资金划付等操作流程，同时包括数据报送、账户验证、系统安装、技术支持及接口规范等技术要求。此外，合同还规定了保密义务、补充协议签署、生效日期、违约责任及争议解决机制，并明确了业务规则、资金透支处理、违约处理措施、申购赎回流程及份额注销等相关条款。,125,证券期货合同（投资理财合同）--其他投资理财类合同,证券期货合同（投资理财合同）,其他投资理财类合同,协议
20250331,14,14_开放式基金传真交易协议,3544,投资者|基金管理|直销机构|机构投资者|个人投资者,基金开户|认购|申购|赎回|撤单|基金转换|转托管|分红方式|交易帐户|基金份额,足额资金|赎回款项|银行帐户|支付批次|支付方式,传真委托|交易密码|工作日|开放日|申请表|印鉴卡|授权书|身份证件|指定银行|特快专递|交易帐户|基金份额|认购资金|申购资金|赎回申请|转托管|基金转换|更改分红|撤单申请|传真确认|交易流程|资金划转|帐户冻结|资料变更|业务授权,本合同主体包括投资者（含机构投资者与个人投资者）、基金管理公司及直销机构，各方依据本合同约定履行相应权利义务，共同完成基金交易及相关服务。,本合同标的为投资者通过基金管理直销机构进行基金开户、认购、申购、赎回、撤单、基金转换、转托管等基金交易业务，包括但不限于交易帐户开立、基金份额管理、分红方式变更等基金相关服务。,投资者需确保银行帐户中有足额资金用于认购或申购基金，基金管理公司或直销机构将按约定支付批次及支付方式划付赎回款项至投资者指定银行帐户，资金划转需符合相关交易流程。,投资者可通过传真委托、特快专递等方式提交申请表、印鉴卡、授权书及身份证件等资料办理业务，交易需使用交易密码并在开放日或工作日内完成。业务范围包括基金份额申购、赎回申请、转托管、基金转换、更改分红方式及撤单申请等，基金管理公司或直销机构将进行传真确认并执行资金划转。若涉及帐户冻结、资料变更或业务授权，需按指定流程办理,125,证券期货合同（投资理财合同）--委托理财合同,证券期货合同（投资理财合同）,委托理财合同,协议
20250331,16,16_资产信托合同,6407,委托人|受托人|自益受益人|他益受益人|经营者,特定信托收益权|信托收益权|信托财产|剩余收益|信托资金,信托报酬|现金支付|银行转账|收益分配|支付期限,信托目的|信托期限|信托收益|信托账户|信托管理|信托运用|信托处分|信托分配|信托终止|信托变更|信托解除|信托风险|信托税费|信托费用|信托保密|信托文件,本合同涉及的主体包括委托人、受托人、自益受益人、他益受益人以及相关经营者，各方依据信托法律关系行使相应权利并履行义务。,本合同标的为特定信托收益权及相关信托财产，包括但不限于信托收益权、信托资金及其产生的剩余收益等权益。,合同价款主要体现为信托报酬，支付方式为现金支付或银行转账，收益分配按照约定进行，所有款项应在规定的支付期限内完成结算。,本合同交易条款涵盖信托目的、信托期限及信托收益分配等核心内容，具体包括信托账户管理、信托财产运用与处分、收益分配机制、信托终止条件等事项，同时明确信托变更与解除程序、风险承担、税费处理、费用承担、保密义务及信托文件管理等全方位约定。,125,信托合同--资产信托合同,信托合同,资产信托合同,
20250331,17,17_外汇和配套人民币借款合同,1375,借款单位|贷款单位|保证人,外汇|人民币|贷款金额|借款用途,借款利率|付息|复息|还款计划|展期申请|扣收,订货卡片|定货合同|用汇计划|开证|付汇|延期用汇|调整用汇|还款担保|担保书|连带偿还|检查监督|提供报表|提供资料|借款申请书|用款计划|还款计划|书面材料,本合同涉及的主体包括借款单位、贷款单位及保证人，各方需按照约定履行相应义务，保证人需对借款承担连带责任。,本合同标的为外汇与人民币贷款业务，具体贷款金额由双方协商确定，借款用途需明确约定并符合国家相关规定。,合同价款涉及借款利率、付息及复息计算方式，还款计划需明确约定，借款单位可申请展期，贷款单位有权按约定扣收款项。,交易条款包括订货卡片、定货合同及用汇计划的提交与审核，涉及开证、付汇及延期用汇的调整。借款单位需提供还款担保及担保书，并承担连带偿还责任。贷款单位有权检查监督，借款单位需按时提供报表、资料、借款申请书、用款计划、还款计划及其他书面材料。,114,借款合同--配套人民币贷款合同,借款合同,配套人民币贷款合同,
20250331,19,19_借款合同范本,1605,贷款方|借款方|保证方|法定代表人|银行账户,贷款种类|借款用途|借款金额|借款利率|还款金额|还款利率,月息|利随本清|分期还款|还款资金|还款方式|罚息|违约金,抵押物|抵押权|用途限制|违法活动|期限还款|检查监督|计划执行|经营管理|财务活动|物资库存|追偿权|优先偿还|关停并转|撤销工程|意外事故,本合同主体包括贷款方、借款方及保证方，各方应明确法定代表人身份及银行账户信息，以确保合同履行的法律效力和资金流转的准确性。,本合同标的为贷款种类、借款用途、借款金额、借款利率、还款金额及还款利率等事项的约定，明确借款的具体类型、资金使用方向、借款本金额度、利率计算标准以及还款本息金额等核心要素。,合同价款涉及月息计算方式、利随本清或分期还款的选择，还款资金来源及还款方式的具体安排，同时包含罚息、违约金等违约责任的约定，以确保资金支付的合法性和可执行性。,本合同交易条款涵盖抵押物及抵押权的设定、借款用途限制及禁止用于违法活动的规定，同时包括期限还款要求、贷款方的检查监督权、借款方的计划执行与经营管理义务，以及财务活动、物资库存的合规性要求。此外，还规定了贷款方的追偿权、优先偿还权，并对借款方出现关停并转、撤销工程或意外事故等情形时的处理方式作出明确约定。,85,借款合同--保证担保借款合同,借款合同,保证担保借款合同,
20250331,20,20_委托贷款委托合同,2484,委托单位|借款单位|受托单位|保证人|抵押人|法定代表人|授权代理人,贷款币种|贷款金额|贷款期限|贷款用途|提款计划|还款计划|担保形式|抵押财产,委托贷款|基金专户|存款总额|月息|手续费|利率调整|利息支付|贷款回收,委托贷款|通知单|借款合同|贷款审查|贷款发放|贷款回收|提前收回|延期归还担保方式|保证方式|抵押方式|利率调整|贷款制裁|贷款损失|合同变更|合同解除书面通知|合同生效|合同失效|合同正本|合同副本|签字盖章|仲裁条款|诉讼条款,本合同主体包括贷款方、借款方及保证方，各方应明确法定代表人身份及银行账户信息，以确保合同履行的法律效力和资金流转的准确性。,本合同主体包括委托单位（甲方）、借款单位（乙方）、受托单位（丙方）及保证人（丁方）。抵押人为借款单位法定代表人，授权代理人为委托单位指定的经办人。各方均需提供合法有效的身份证明及授权文件。,本合同标的为委托贷款业务，贷款币种为人民币，贷款金额为500万元，贷款期限为3年。贷款用途仅限于企业流动资金周转，具体提款计划与还款计划按照双方约定执行。担保形式为抵押担保，抵押财产包括借款单位名下的厂房及土地使用权。,本合同交易条款包括委托贷款通知单的签发、借款合同的签订及贷款审查流程。贷款发放需满足所有先决条件，贷款回收按计划执行。若借款单位违约，委托单位有权提前收回贷款或要求延期归还。担保方式包括保证与抵押，利率调整需双方协商一致。若发生贷款损失，将按合同约定追究责任。合同变更或解除需书面通知，并经各方签字盖章确认。合同正本与副本具有同等效力，争议解决适用仲裁条款或诉讼条款。,105,委托行纪中介合同--委托贷款合同,委托行纪中介合同,委托贷款合同,
20250331,25,25_搬运承揽合同,3544,委托人|承揽人|法定代表人|委托代理人|企业身份|合法存续|内部授权|授权代表,货物名称|货物数量|货物价值|违禁品|危险品|货物清单|包装标准|小件物品|文件资料|电脑连线|集中堆放,包装费|搬运费|车次费|定金支付|余款支付|运输发票|保管费|留置权|现金支付|银行转账,服务热情|物品安全|码放到位|赔偿损失|搬运日期|延期通知|迟延费|搬运地点|装货清单|运输路线|车辆维修|检验货物|逾期收货|贵重物品|保险责任|责任负担|保密条款|通知方式|争议处理|不可抗力,本合同主体为委托人与承揽人，双方应确保企业身份合法存续。委托人及承揽人可通过法定代表人、委托代理人或经内部授权的授权代表签署本合同，所有签署人均应提供合法有效的授权证明。,本合同标的包括货物名称、货物数量及货物价值等具体内容，详见货物清单。标的物不得包含违禁品或危险品。所有货物应按照包装标准进行妥善包装，小件物品、文件资料及电脑连线等需特殊处理，并按要求集中堆放。,合同价款包括包装费、搬运费及车次费等费用。支付方式可采用现金支付或银行转账，定金应在合同签订后支付，余款支付以运输发票为依据。如发生违约，承揽人有权行使留置权，并收取相应保管费。,承揽人应保证服务热情，确保物品安全，并按约定搬运日期完成作业。货物应码放到位，装货清单需双方确认。运输路线应提前确定，车辆维修由承揽人负责。贵重物品需特别注明，保险责任及责任负担按约定划分。双方应遵守保密条款，通过约定通知方式沟通。如遇不可抗力或需延期，应及时通知并支付迟延费。检验货物及逾期收货按约定处理，争议处理及赔偿损失等事项依合同条款执行。,105,加工承揽合同--搬运合同,加工承揽合同,搬运合同,
20250331,26,26_北京市定作合同,865,定作人|承揽人|住所|执照|法人|代理|开户|账号|税号,定作物|规格|型号|单位|数量|材料|商标|厂家|质量|包装,报酬|单价|总价|定金|预付|结算|支付|汇款,检验|标准|方法|异议|技术|图纸|样品|工艺|保密|要求|协助|交付|期限|地点|验收|条件|留置|解除|通知|损失|违约|协商|调解|仲裁|诉讼|约定,本合同主体为定作人XX（住所：XX，营业执照号：XX，法定代表人XX）与承揽人XX（住所：XX，营业执照号：XX，法定代表人XX）。双方授权代理人XX办理相关事宜，开户银行为XX，账号为XX，税号为XX。,本合同标的为定作物，具体包括规格为XX、型号为XX的产品，计量单位为XX，数量为XX。产品采用XX材料制造，商标为XX，生产厂家为XX。质量要求符合XX标准，包装方式为XX。,合同总价款为XX元，其中单价为XX元/单位。定作人应于合同签订后支付定金XX元，预付XX元。剩余款项采用XX方式结算，通过汇款支付至承揽人指定账户。,产品检验按XX标准执行，采用XX方法。如有异议应在XX日内提出。技术参数以图纸XX和样品XX为准，工艺要求为XX。双方应遵守保密约定，定作人需提供必要协助。交付期限为XX，地点为XX。验收条件为XX。如发生违约，可行使留置权或解除合同，损失赔偿按约定执行。争议解决优先协商，协商不成可调解、仲裁或诉讼。,85,加工承揽合同--定做合同,加工承揽合同,定做合同,
20250331,27,27_印刷长期合作合同书,1750,需方|供方|厂商|甲方|乙方|委托|加工|订货|生产|供应|验收|交货|签字|盖章|代表,印刷品|纸品|规格|数量|工艺|用料|尺寸|纸张|质量|样张|菲林|物料|技术|商标|印件,单价|金额|总价|付款|定金|发票|费用|损失|赔偿|返工|报销|对价|支付|扣款|结算,交货|验收|签字|确认|变更|校对|校稿|批注|重做|更换|计划|安排|生产|交付|逾期|解除|返工|报废|保留|样张|胶片|侵权|修改|调整|拒收|顺延|核对|标准|核实|核实,本合同由需方（甲方）与供方（乙方）共同签订。甲方负责委托加工、订货，乙方负责生产供应。双方授权代表签字盖章后生效。乙方作为厂商需按甲方要求进行加工生产，甲方有权对交货进行验收。,本合同标的为印刷品及纸品，包括但不限于各类规格、尺寸的印件，采用特定工艺和用料制作。标的物需符合约定的纸张质量和技术标准，并提供样张、菲林等物料作为验收依据。所有印件需符合商标使用要求，不得存在侵权问题。,合同价款以单价计算总金额，甲方需按约定支付定金。结算时乙方应提供正规发票，费用包括生产成本及可能的返工费用。若因乙方原因造成损失需赔偿，甲方有权扣款。支付方式为分期付款，最后一期货款在验收合格后支付。,交货需按计划安排生产，按时交付。验收时需核对样张标准，双方签字确认。允许合理变更和调整，但重大修改需重新校稿批注。若出现质量问题，乙方需承担重做、更换或报废责任。逾期交货可顺延，严重违约可解除合同。验收不合格甲方有权拒收，返工费用由责任方承担。,108,加工承揽合同--印刷合同,加工承揽合同,印刷合同,
20250331,28,28_房屋维修协议书(样式一),3914,物业公司|维修单位|监督方|业主客户|施工方,房屋维修|住房修理|维保监督|维修任务|保修业务,工程尾款|费用报价|市场价|罚金|现金支付,维修期限|施工规定|验收单|交接单|协调会|争议裁决|维修标准|垃圾清运|报表统计|签字确认|入户查看|书面通知|五金件|防水层|成品保护,本合同涉及的主体包括物业公司、维修单位、监督方、业主客户及施工方，各方需按照约定履行各自职责，确保维修工作的顺利实施。,本合同标的为房屋维修及住房修理服务，包括但不限于维保监督、维修任务执行及保修业务，确保房屋设施的正常使用与维护。,合同价款以市场价为基础，由维修单位提供费用报价，业主客户以现金支付工程尾款。若出现违约情况，违约方需按约定支付罚金。,维修期限、施工规定及维修标准需严格执行，施工方需完成垃圾清运、成品保护等工作，并提交验收单、交接单及报表统计。监督方负责入户查看、书面通知及协调会组织，争议由双方协商或提交争议裁决解决。五金件、防水层等细节需符合要求，最终以签字确认完成验收。,85,服务合同--维护服务合同,服务合同,维护服务合同,协议
20250331,29,29_民办学校用工合同,2897,用人单位|劳动者|法定代表人|负责人|教职工|试用期员工|正式员工|特殊岗位|女职工|未成年工|工伤员工|患病员工|事假员工|带薪休假员工|退休员工,民办学校|用工合同|工作岗位|工作内容|工作数量|质量要求|劳动义务|工作业绩|劳动成果|实际贡献|劳动定额|工资报酬|绩效工资|基本工资|社会保险|福利待遇,月薪|试用期工资|绩效工资|基本工资|加班工资|事假扣薪|带薪休假|工资增长|工资基数|发薪日|货币支付|最低工资|工资指导线|工资指导价|工资协商,合同期限|试用期限|工作安排|岗位变动|工作时间|休息休假|加班加点|补休|年休假|劳动保护|安全卫生|健康检查|安全操作|职业病|医疗期|工伤救治|工伤认定|劳动能力鉴定|社保缴纳|社保查询|福利执行|劳动纪律|商业秘密|竞业限制|服务期|特殊待遇|补充保险|补充医疗|学校福利|合同终止|经济补偿|赔偿责任|劳动争议|劳动仲裁|诉讼维权|行政举报|地址变更|合同涂改|合同生效|合同份数,本合同主体为用人单位（民办学校）与劳动者（教职工），由用人单位法定代表人（或负责人）签署生效。劳动者包括试用期员工、正式员工及特殊岗位员工（如女职工、未成年工等）。合同对工伤员工、患病员工、事假员工及带薪休假员工的权利义务作出特别约定，并明确了退休员工的待遇标准。,本合同标的为民办学校与劳动者签订的用工合同，明确约定了工作岗位、工作内容及工作数量，并提出了相应的质量要求。劳动者需履行劳动义务，完成规定的工作业绩和劳动成果，其实际贡献将作为劳动定额的考核依据。用人单位将根据劳动者的表现支付工资报酬，包括基本工资和绩效工资，同时依法提供社会保险及其他福利待遇。,合同价款包括月薪（含试用期工资、基本工资及绩效工资）、加班工资等，并规定了事假扣薪、带薪休假等特殊情况处理方式。工资增长机制参照工资指导线和工资指导价，通过工资协商确定。用人单位承诺以货币形式于每月固定发薪日支付不低于最低工资标准的报酬，工资基数按约定执行。,本合同约定了合同期限（含试用期限）、工作安排及岗位变动规则。明确规定了工作时间、休息休假（含年休假）制度，对加班加点及补休作出具体安排。用人单位需提供劳动保护、安全卫生条件，定期组织健康检查，落实安全操作规程，预防职业病。对医疗期、工伤救治（含工伤认定、劳动能力鉴定）等作出专项约定。双方需依法执行社保缴纳（含社保查询）、福利待遇（含学校福利、补充保险等）。合同对劳动纪律、商业秘密保护、竞业限制、服务期及特殊待遇等事项作出约束。明确约定了合同终止条件、经济补偿标准及赔偿责任。劳动争议可通过劳动仲裁、诉讼维权或行政举报解决。合同还对地址变更、合同涂改等事项作出说明，明确合同生效条件及合同份数。,115,劳动关系合同--劳动合同,劳动关系合同,劳动合同,
20250331,30,30_劳动合同签订书,3137,有限公司|法定代表人|员工姓名|户籍地址|居住地址,工作岗位|工作地点|工种岗位|试用期限|合同期限,计时工资|计件工资|试用工资|月工资|奖金|津贴|补贴|加班费|货币支付|工资清单|支付日期|最低工资|工资标准,工时制度|带薪休假|加班补休|工伤待遇|职业病|社会保险|安全培训|劳动保护|安全帽|安全带|三不伤害|停电作业|职业病检查|医疗期|劳动报酬,本合同由上海某某科技有限公司（有限公司）与员工张三（员工姓名）签订。公司法定代表人为李四，员工户籍地址为江苏省南京市玄武区某某街道，居住地址为上海市浦东新区张江镇某某小区。,本合同明确约定了员工的工作岗位为技术员，工作地点位于上海市浦东新区张江高科技园区，工种岗位属于技术类岗位。合同期限为三年，其中包含两个月的试用期限，试用期内双方可依法解除劳动合同。,“员工工资实行月工资制，基本工资标准为人民币8000元，试用工资为正式工资的80%。工资构成包括计时工资、奖金、津贴及补贴，加班费按国家规定另行计算。公司以货币形式支付劳动报酬，每月15日（支付日期）发放工资并提供工资清单，且不低于上海市最低工资标准。,公司实行标准工时制度，员工依法享受带薪休假及加班补休待遇。公司为员工办理社会保险，提供安全培训及劳动保护用品（如安全帽、安全带等），严格执行‘三不伤害’原则。特殊工种需停电作业时，公司须确保操作安全。员工享有工伤待遇及职业病检查权利，医疗期内劳动报酬按相关规定执行。,75,劳动关系合同--劳动合同,劳动关系合同,劳动合同,
20250331,31,31_云南省农民合同制职工劳动合同书,2585,农民|职工|企业|工人|城镇|农村,岗位|工种|任务|条件|设施|用品,工资|奖金|补贴|津贴|加班费|医疗费|丧葬费|抚恤费|养老金|补助金,期限|试用期|岗位|工种|任务|条件|设施|用品|纪律|时间|报酬|加班|考核|标准|医疗期|病假|工资|丧葬|抚恤|退休|转产|解除|终止|续订|变更|福利|保险|工伤|死亡|补助|养老金,本合同主体为用人单位（企业）与劳动者（职工/工人），包括来自城镇或农村的就业人员，明确双方在劳动关系中的权利与义务。,本合同标的为用人单位提供的具体工作岗位及工种，明确工作任务、工作条件、工作设施及劳动保护用品等事项，确保劳动者在安全、合规的环境下完成工作任务。,合同价款与支付条款涵盖劳动者的工资、奖金、各类补贴及津贴，同时包括加班费、医疗费、丧葬费、抚恤费、养老金及其他补助金，确保劳动者依法获得劳动报酬及相关福利待遇。,合同交易条款包括劳动合同期限、试用期约定、岗位工种及任务要求、工作条件与设施配备、劳动纪律、工作时间、报酬标准、加班安排、考核机制、医疗期与病假规定、丧葬抚恤待遇、退休转产安排、合同解除终止与续订条件、变更程序，以及福利保险、工伤死亡补助和养老金等事项，全面规范劳动关系中的各项权利义务。,125,劳动关系合同--劳动合同,劳动关系合同,劳动合同,
20250331,32,32_劳动合同(劳务派遣),3378,派遣单位|劳动者|用工单位|许可证|法定代表人,劳务派遣|劳动合同|工作内容|工作岗位|派遣期限,月工资|计件工资|绩效工资|试用期工资|最低工资|支付日期|货币支付|代扣代缴|加班工资|劳动报酬,工作地点|工时制度|休息休假|社会保险|工伤保险|职业培训|劳动保护|职业病|健康检查|安全操作|变更合同|解除合同|终止合同|经济补偿|工作交接|劳动争议|连带责任,本合同主体包括具有合法资质的派遣单位（需提供劳务派遣许可证）、实际提供劳动的劳动者以及实际用工单位三方。各方法定代表人或授权代表需签字确认，明确各自权利义务关系。,本合同标的为劳务派遣服务，明确规定了劳动者与派遣单位之间的劳动合同关系，具体包括工作内容、工作岗位的具体要求以及派遣期限等核心要素，确保劳务派遣行为合法合规。,合同详细约定了劳动报酬支付标准，包括月工资、计件工资、绩效工资等多种形式，明确试用期工资不得低于最低工资标准。支付日期固定为每月X日，以货币形式支付，并按规定代扣代缴社会保险等费用。同时约定了加班工资计算标准等特殊情形下的报酬支付。,本合同全面约定了工作地点、标准工时制度、休息休假安排等基本劳动条件，明确用工单位需为劳动者办理社会保险（含工伤保险），提供职业培训、劳动保护措施，定期安排健康检查预防职业病。同时详细规定了合同变更、解除、终止的条件和程序，包括经济补偿标准、工作交接要求及劳动争议处理机制，特别强调了用工单位与派遣单位对劳动者的连带责任。,125,劳动关系合同--劳动合同,劳动关系合同,劳动合同,
20250331,33,33_投资者网上远程交易委托服务协议,3566,直销投资者|基金管理|网上交易|远程委托,基金账户|基金交易|认购申请|申购申请|赎回申请|转托管|分红变更,资金支付|资金来源|支付费用|上网费|电话费,交易密码|委托申请|撤销申请|账户变更|系统记录|工作日|开放日|T日|T+n日|资产净值|份额转托|风险提示|免责条款|设备提示|密码提示|委托提示|受理时间|资金合法|信息变更|不可抗力|通讯故障|数据错误|身份仿冒|设备故障|网络安全|数据备份|故障恢复|电子数据|保密义务|司法机关|行政管理,本合同主体为基金管理公司及其直销投资者，双方通过网上交易平台或远程委托方式开展基金业务合作，投资者需遵守基金管理公司制定的相关交易规则。,本合同标的为基金管理公司为直销投资者提供的基金账户相关服务，包括但不限于基金交易（含认购申请、申购申请、赎回申请）、转托管业务及分红方式变更等操作事项。,投资者应确保资金支付来源合法，并承担因基金交易产生的支付费用（包括但不限于上网费、电话费等通讯费用），所有资金划付均需符合监管要求。,投资者须妥善保管交易密码，通过委托申请或撤销申请办理业务，系统记录以T日（开放日）或T+n日资产净值为准。转托管需提前申请，并注意风险提示及免责条款。投资者应确保设备安全、密码保密，及时更新信息变更。基金管理公司对不可抗力、通讯故障、数据错误、身份仿冒、设备故障、网络安全等问题不承担责任，但应履行数据备份及故障恢复义务。电子数据具有法律效力，双方均需履行保密义务，司法机关或行政管理机构依法要求披露的除外。,125,委托行纪中介合同--资产委托合同,委托行纪中介合同,资产委托合同,协议
20250331,34,34_法律事务代理协议,2305,委托人|受托人|律师事务所|法定代表人,法律代理|委托代理|律师服务|法律帮助,律师费|委托费|差旅费|电话费|预付款|尾款|实际额|退还费|不退还,服务期|起止日|续签期|资料提供|文件提交|真实性|合法性|工作条件|勤勉责|更换权|法律意见|独立权|客观性|工作报|进度报|执业纪|职业道|保密期|损失赔,本合同主体包括委托人、受托人（律师事务所）及其法定代表人，各方依法享有合同权利并履行相应义务，共同确保合同顺利执行。,本合同标的为法律代理服务，包括委托代理、律师服务及其他相关法律帮助事项，旨在为委托人提供专业的法律支持与保障,合同价款涵盖律师费、委托费及差旅费、电话费等实际支出费用。支付方式包括预付款与尾款，具体金额以实际额为准。部分费用如预付款可能不退还，其他费用按约定退还或不予退还。,本合同服务期以起止日为准，可协商续签。委托人需及时提供真实、合法的资料文件，受托人应履行勤勉责，独立、客观出具法律意见，并定期提交工作报与进度报。双方须遵守执业纪与职业道，保密期及损失赔条款另行约定。委托人享有更换权，受托人应提供必要工作条件,120,委托行纪中介合同--法律事务代理合同,委托行纪中介合同,法律事务代理合同,协议
20250331,35,35_重庆市商品房营销代理合同,3282,委托方|受托方|开发商|代理商|资质等级|营业执照|注册号|中介资质|营销策划|销售代理|市场调查|项目定位|策划报告|销售计划|广告推广,商品房|营销代理|独家代理|市场调研|营销策划|代理销售|项目位置|建筑面积|套内面积|销售均价|溢价销售|折扣优惠|底价表|付款方式|价格方案,策划费|预付金|佣金结算|底价佣金|溢价奖励|首期款|滞纳金|违约金|准备金|转账支付|现金支付|收款票据|结算日|付款批次|支付周期,销售计划|广告宣传|推广费用|售楼书|沙盘制作|展销会|报刊广告|电视广告|宣传材料|市场报告|营销方案|实施计划|销售条件|销售运作|价格执行|付款执行|折扣权限|书面批准|合同签订|房源告知|产权保证|设计变更|工程进度|验收时间|交房时间|按揭手续|产权手续|合同登记|房源抵押|司法冻结|行政限制|自售告知|售房部|办公用品|购房直通车|保密义务|检查权利|督导权利|佣金支付|策划费付|整改期限|报告认可|销售任务|退房处理|再售佣金|赔偿条款|合同终止|人员聘用|争议解决|自动延期,委托方为[开发商]，受托方为[代理商]，双方均具备相应资质等级，持有有效营业执照（注册号：[注册号]）。受托方需具备中介资质，负责营销策划、销售代理、市场调查、项目定位等工作，并提供策划报告、销售计划及广告推广服务。,商品房营销代理服务，包括独家代理权、市场调研、营销策划及代理销售等事项。项目位于[项目位置]，总建筑面积[建筑面积]平方米，套内面积[套内面积]平方米。销售均价为[销售均价]元/平方米，涉及溢价销售、折扣优惠等价格策略，并依据底价表执行。付款方式包括[付款方式]，价格方案需经双方确认。,策划费为[策划费]元，预付金[预付金]元。佣金结算包括底价佣金和溢价奖励，按[结算日/支付周期]分批次支付（如首期款、尾款等）。支付方式为转账或现金，需开具收款票据。若逾期支付，需承担滞纳金或违约金，准备金用于保障费用结算。,受托方需制定销售计划、广告宣传方案，承担推广费用（如售楼书、沙盘、展销会、报刊/电视广告等）。销售条件包括价格执行、付款执行及折扣权限（需书面批准）。委托方需保证房源无产权瑕疵（如抵押、司法冻结），并告知设计变更、工程进度。交房时间、按揭及产权手续由委托方协助办理。双方需履行保密义务，受托方有权检查销售情况。佣金支付与销售任务挂钩，退房或再售需重新结算。争议通过协商解决，合同可自动延期。,125,委托行纪中介合同--销售代理合同,委托行纪中介合同,销售代理合同,
20250331,36,36_个人代理人保险代理合同书,4676,代理人|保险公司|投保人|担保人,保险业务|人身保险|售后服务|保险费,代理费|手续费|保证金|人民币|转账|现金|保险费|核保|考察期|业绩标准,授权范围|行政区划|险种调整|收取保费|交付保费|签字确认|垫缴禁止|账户管理|挪用禁止|转账时限|业绩考核|培训要求|单证签收|费用承担|担保要求|保证金|清偿能力|合同解除|终止条件|交接手续,本合同主体包括保险公司、投保人、代理人及担保人。保险公司负责提供保险产品及服务，投保人为保险合同的购买方，代理人受保险公司委托开展保险业务，担保人则为投保人的履约提供必要担保。,“本合同标的为保险公司提供的各类人身保险业务，包括但不限于保险产品的销售及售后服务。投保人需按照合同约定按时缴纳保险费，以确保保险合同的持续有效。,合同价款包括保险费、代理费、手续费及保证金等，均以人民币计价。支付方式可采用转账或现金形式，投保人需在核保通过后按时缴纳保险费。代理人需满足业绩标准，并在考察期内完成相关考核要求。,代理人应在授权范围内开展业务，不得超出约定的行政区划。保险公司有权根据市场情况调整险种，代理人需按要求收取及交付保费，并确保投保人签字确认。禁止垫缴保费或挪用保费资金，所有转账需在约定时限内完成。代理人需接受业绩考核及培训要求，妥善管理单证签收，并承担相关费用。担保人需具备清偿能力，合同解除或终止时需完成交接手续。,125,委托行纪中介合同--保险代理合同,委托行纪中介合同,保险代理合同,
20250331,37,37_音像出版发行合同,7828,甲方|乙方|著作权人|第三方|出品方|摄制方|发行方|出版方|主创|编剧|导演|演员|摄像师|录音师|灯光师,"影视剧|音像制品|著作权|许可证|剧照|版权|授权书|拷贝|磁带|素材|资料|物料|存货|宣传片|预告片
",许可费|人民币|支付|发票|账户|收款|付款|转账|汇款|分期|首付|尾款|违约金|赔偿|退款|折扣,授权|许可|独占|排他|普通|区域|期限|载体|交付|验收|宣传|推广|署名|剪辑|修改|贴片|广告|包装|发行|赠送|购买|优先权|物料归还|销毁|安保|检查|存货|通知|催告|解除|终止|变更|转让|仲裁|诉讼|法律适用|签署|生效|附件|补充,本合同主体包括甲方与乙方，涉及著作权人、第三方、出品方、摄制方、发行方、出版方，以及主创人员如编剧、导演、演员、摄像师、录音师、灯光师等,本合同标的为影视剧及相关音像制品，包括但不限于著作权、许可证、剧照、版权授权书、拷贝、磁带、素材、资料、物料、存货、宣传片及预告片等。,合同价款以人民币计算，包括许可费、分期支付（首付及尾款）、违约金、赔偿、退款及折扣等。支付方式涵盖转账、汇款，并需提供发票及收款账户信息。,交易条款涵盖授权类型（独占、排他、普通）、区域、期限、载体交付与验收，以及宣传推广、署名、剪辑修改、贴片广告、包装发行等。同时包括物料归还、销毁、安保检查、存货管理、通知催告、合同解除终止、变更转让、争议解决（仲裁或诉讼）、法律适用、签署生效及附件补充条款。,125,教育文化合同--出版合同,教育文化合同,出版合同,
20250331,38,38_影片洗印加工合同,4346,影片洗印|加工制作|委托服务|企业法人|著作权人|所有权人|授权代表,影片洗印|加工制作|校拷贝|影片规格|片名|幕种|声别|毫米别|工作周期|底片赔偿|服务内容,服务费用|预付款|余款|发票|加班费|补偿金|支付方式|收费标准|增加费用|经济补偿,委托事项|加工责任|质量鉴定|看片通知|调光印洗|送洗原底|摄影报告|镜头场记|安全包装|风险承担|审查双片|素材移交|保管费用|预告片|剪余片|著作权保证|赔偿损失|违约金|变更协议|解除合同|保密义务|不可抗力|通知送达|争议解决|合同转让|合同解释|合同效力|合同签署|合同附件,本合同由具备企业法人资格的影片洗印加工制作方与委托服务方（包括著作权人、所有权人或其授权代表）共同签署，明确双方在委托服务中的权利义务,影片洗印加工制作服务，包括校拷贝、底片赔偿等服务内容。服务涵盖影片规格、片名、幕种、声别、毫米别等技术要求，并约定工作周期等具体事项。,服务费用按照双方确认的收费标准执行，支付方式包括预付款和余款结算，并约定加班费、补偿金等增加费用的处理。委托方需按时支付费用，服务方应提供相应发票。,合同明确委托事项、加工责任及质量鉴定标准，约定看片通知、调光印洗、送洗原底（含摄影报告、镜头场记）等具体流程。涉及安全包装、风险承担、素材移交及保管费用等细节，同时规范预告片、剪余片处理。合同包含著作权保证、赔偿损失、违约金等责任条款，并约定变更协议、解除合同、保密义务、不可抗力等特殊情况处理。通知送达、争议解决、合同转让等程序性条款完备，合同解释、效力、签署及附件均作明确约定。,105,加工承揽合同--加工合同,加工承揽合同,加工合同,
20250331,39,39_合作拍摄电视剧合同,6184,制片方|投资方|出品方|摄制组|主创|编剧|导演|演员|财务|会计|审查|监管|清算|合作方|法人,电视剧|拍摄|集数|片名|剧本|著作权|署名权|出品人|导演|编剧|演员|场景|摄制|制作|许可证,预算|投资|货币|劳务|实物|广告|定金|余款|账户|支付|比例|分成|亏损|税款|结算,创意|剧本|主创|周期|开机|停机|出片|场地|保险|安全|署名|争议|管理|财务|报表|审核|分配|清算|保密|抵押|转让|授权|审查|顺延|解除|终止|通知|变更|仲裁|诉讼|补充|附件|生效|效力,本合同主体包括制片方XX公司、投资方XX集团、出品方XX影视等合作方。具体执行涉及摄制组、主创团队（含编剧XX、导演XX、演员XX等）、财务监管部门等。所有合作方均需指定法人代表，并接受审查监管，在合作期间共同承担清算责任。,本合同标的为一部电视剧的拍摄制作，具体内容包括剧本创作、场景摄制、后期制作等全流程工作。该剧暂定片名为《XX》，计划拍摄XX集，由XX担任出品人，XX担任导演，XX担任编剧，主要演员包括XX等。合同明确约定了各方的著作权归属及署名权安排，要求摄制组在制作过程中必须取得相关许可证。,合同价款总额为XX万元（货币单位），采用预算制管理，包含劳务报酬、实物投入及广告收益等。支付方式为：签约支付XX%定金，开机支付XX%，拍摄过半支付XX%，余款在出片后结算。各方按约定比例分成，需单独设立共管账户，明确税款承担及亏损分摊机制。,合同详细约定了创意开发、剧本修改、主创团队组建等前期条款。拍摄周期自XX年XX月开机至XX年XX月停机，期间需办理场地租赁、安全保险等事宜。特别约定了署名规范、争议解决（仲裁/诉讼）、财务管理及报表审核要求。合同同时包含保密条款、授权限制、审查流程等保障条款，并明确了顺延条件、解除终止程序、变更通知方式等。合同自签署日起生效，附件与补充协议具有同等效力。,125,娱乐体育合同--影视演艺合同,娱乐体育合同,影视演艺合同,
20250331,40,40_音效制作合同,4841,电影制作|电视剧制作|法人单位|音效承制|声音制作,音效制作|同期录音|声效剪辑|配音|拟音|音乐编辑|混录|国际声带|宣传片|光学转录,制作费|总金额|人民币|支付方式|首次支付|二次支付|尾款支付,制作期限|前期拍摄|后期制作|工作样片|音乐素材|文字材料|交付成果|技术附件|耗材支出|设备配备|机房安排|制作周期|审查修改|音频信号|保密义务|名誉维护|法律纠纷,本合同由具备法人资格的电影制作或电视剧制作单位作为委托方，与专业从事音效承制及声音制作的法人单位作为承制方共同订立，双方均具备相关领域合法经营资质。,本合同标的为影视作品全流程声音制作服务，包括音效制作、同期录音、声效剪辑、配音、拟音、音乐编辑、混录等专业技术服务，同时涵盖国际声带制作、宣传片声音设计及光学转录等配套服务。,合同总金额为人民币[具体金额]元整，支付方式采用分期付款：首次支付合同金额的30%作为预付款，二次支付40%作为中期款，尾款30%于交付验收合格后支付。所有款项均以人民币结算。,制作周期涵盖前期拍摄至后期制作全流程，承制方需按工作样片进度完成音乐素材整合与文字材料匹配，按期交付符合技术附件要求的音频信号成品。制作期间需配备专业设备及机房资源，承担耗材支出。双方应履行保密义务，维护商业信誉，如发生法律纠纷应协商解决。委托方有权对交付成果提出审查修改要求，但修改次数及期限需符合约定条款。,115,技术合同--技术服务合同,技术合同,技术服务合同,
20250401,41,41_委托开发合同(样式二),6832,委托人|研究开发人|委托单位|受托单位|开发方|投资方,技术项目|技术成果|技术方案|技术报告|技术设计|技术资料|技术指标|经济指标|技术参数|技术标准,开发经费|报酬金额|支付方式|支付期限|支付地点|实报实销|经费包干|结算方式|投资内容|财产归属,研究开发|开发计划|技术领域|工业化|小试中试|技术路线|开发进度|技术现状|发展趋势|专利申请|技术基础|攻关目标|试验方法|社会效益|经济效益|保密义务|风险责任|验收标准|技术协作|技术指导,本合同主体为委托人与研究开发人，其中委托单位（或投资方）作为项目委托方，受托单位（或开发方）作为技术开发方，双方共同履行合同权利义务。,本合同标的为技术开发项目，包括技术成果、技术方案、技术报告、技术设计及相关技术资料的交付。项目需达到约定的技术指标、经济指标和技术参数，并符合国家及行业相关技术标准。,合同价款包括开发经费和报酬金额，支付方式可采用分期支付或实报实销方式，具体支付期限、支付地点及结算方式在合同中明确约定。开发经费可采用经费包干形式，投资内容及财产归属需在合同中详细列明。,本合同交易条款涵盖研究开发全过程，包括开发计划制定、技术领域确认、工业化目标、小试中试安排及技术路线设计。开发进度需符合约定时间节点，并基于现有技术基础和技术现状开展攻关。项目需明确试验方法、验收标准及专利申请事宜，同时兼顾社会效益和经济效益。双方需履行保密义务，明确风险责任，并在技术协作和技术指导方面保持密切配合。,107,技术合同--技术开发合同,技术合同,技术开发合同,
20250401,42,42_技术咨询服务合同,4810,委托方|咨询方|技术人员|总代表|签证机构|银行机构|仲裁机构|政府当局,技术咨询|咨询服务|咨询报告|图纸资料|设计资料|规范图片|工程改进|服务范围|进度安排|人员安排,合同总价|分项价|固定价格|电汇支付|预付款|保函|形式发票|商业发票|即期汇票|支付比例|预提税|违约金|银行费用,资料提供|护照签证|工作许可|人员安排|进度提交|食宿安排|办公室|交通便利|损害赔偿|责任限定|报告交付|航空邮寄|传真通知|资料替换|保密义务|税费承担|保证义务|验收标准|资料归属|转让限制,本合同主体为委托方与咨询方，涉及技术人员、总代表等具体执行人员。签证机构、银行机构、仲裁机构及政府当局作为相关第三方机构，在合同履行过程中可能涉及相关业务办理。,本合同标的为咨询方为委托方提供的技术咨询服务，包括但不限于提供咨询报告、图纸资料、设计资料、规范图片等工程改进相关服务。服务范围涵盖人员安排、进度安排等具体事项，咨询方应按照约定提交相关技术资料和成果文件。,合同总价采用固定价格形式，包含分项价。支付方式为电汇支付，支付比例按预付款、进度款等分阶段执行。支付凭证包括形式发票、商业发票及即期汇票。涉及预提税、违约金及银行费用等财务事项按约定处理，咨询方需提供相应保函。,合同交易条款包括资料提供、人员安排（含护照签证、工作许可办理）、进度提交等具体执行事项。咨询方应确保办公条件（办公室、交通便利）及食宿安排。涉及报告交付可采用航空邮寄或传真通知方式，资料替换需及时处理。双方应履行保密义务、保证义务，明确税费承担、损害赔偿及责任限定。验收标准、资料归属及转让限制等事项均按约定执行。,123,技术合同--技术咨询合同,技术合同,技术咨询合同,
20250401,43,43_国际技术咨询服务合同,4684,委托方|咨询方|技术人员|总代表|机构签证|工作许可,技术咨询|咨询服务|服务范围|进度安排|人员安排|咨询报告|图纸资料|设计资料|工程规范|图片资料,合同总价|分项价|固定价格|通货膨胀|不可抗力|预付款|保函|形式发票|商业发票|即期汇票|支付比例|电汇支付|银行费用|预提税|违约金,资料提供|护照签证|工作许可|人员责任|进度提交|食宿安排|办公室|交通便利|损害赔偿|疏忽责任|保证期|技术标准|验收标准|资料交付|航空邮寄|传真通知|资料替换|保密义务|资料归属|资料索引|资料保存|合同转让|迟延罚金|违约解除|退还金额|加付利息|履行义务|不可抗力|仲裁规则|往来函件|公制尺寸|法律管辖|合同生效|合同期限|债权债务|合同附件|合同修订|书面确认|中英文版,本合同主体为委托方与咨询方，双方各自指定总代表负责协调工作。咨询方需确保其技术人员具备相应资质，并协助办理机构签证及工作许可等手续，以保证服务顺利开展。,本合同标的为技术咨询服务，咨询方将根据委托方需求提供专业的技术咨询，服务范围包括但不限于工程规范解读、设计资料审核及咨询报告编制等工作。咨询方需按进度安排提交相关成果，包括图纸资料、图片资料等技术文件，并确保人员安排合理，以满足项目需求。,合同总价为固定价格，包含分项价明细，不受通货膨胀影响。支付方式包括预付款、电汇支付及即期汇票等，具体支付比例按约定执行。委托方需承担银行费用及预提税，若因不可抗力导致违约，双方协商解决，否则违约方需支付违约金。,委托方需提供护照签证、工作许可等支持，并安排食宿、办公室及交通便利条件。咨询方需按期提交进度文件，确保技术标准符合验收要求，资料交付方式包括航空邮寄或传真通知。双方均需履行保密义务，资料归属及保存按约定执行。若发生迟延或违约，需支付迟延罚金或退还金额，并加付利息。争议解决适用仲裁规则，法律管辖及合同生效条件明确，修订需书面确认，中英文版具有同等效力。,125,技术合同--技术咨询合同,技术合同,技术咨询合同,
20250401,44,44_科学研究与技术开发项目委托开发合同,1561,委托单位|承担单位|甲方|乙方|科研机构|技术开发|项目牵头|课题负责,科研项目|技术开发|委托开发|直接材料|化验分析|燃料动力|设备购置|样机试制|现场试验|外协费|调研费|培训费|会议费|评审费|不可预见费,项目经费|分批拨付|经费明细|核算费用|直接费用|人员费用|设备费用|房屋占用|验收付款|暂停拨款|追加经费|财务印章|使用报告,技术指标|成果验收|进度安排|阶段考核|原始资料|书面报告|季度报告|年度小结|技术培训|专利申请|技术保密|成果归属|技术转让|技术入股|违约赔偿|争议协商|补充协议|现场实验|仪器明细|固定资产|验收鉴定|保密期限|资料退回|合同备案,本合同主体为委托单位（甲方）与承担单位（乙方），其中乙方为具备资质的科研机构。项目采用技术开发模式，由乙方作为项目牵头单位，指定课题负责人具体组织实施，甲方负责项目监督与验收工作。,本合同标的为委托开发科研项目，包括技术开发、样机试制及现场试验等工作内容。项目经费涵盖直接材料、化验分析、燃料动力等直接费用，以及设备购置、外协费、调研费等间接费用，同时包含培训费、会议费、评审费等专项支出，并预留不可预见费作为项目风险准备金。,项目经费总额经双方核算确定，包含人员费用、设备费用及房屋占用费等直接费用。经费实行分批拨付制度，乙方需提供经费明细和使用报告，经甲方审核后按进度支付。项目验收合格后付清尾款，甲方保留因项目执行问题暂停拨款的权利，重大变更可协商追加经费。所有支付均需加盖财务印章确认。,合同明确技术指标、进度安排及阶段考核要求，乙方需提交季度报告、年度小结等书面报告，并完整保存原始资料。项目成果验收需进行技术鉴定，涉及专利申请、技术转让等事项需另行约定。双方须履行技术保密义务（保密期限另行约定），成果归属按约定执行。违约方需承担赔偿，争议优先协商解决，重大变更需签订补充协议。项目完成后需退回相关资料并办理合同备案手续，现场实验涉及的仪器明细及固定资产需单独列明。,98,技术合同--技术开发合同,技术合同,技术开发合同,
20250401,45,45_质押合同,1727,出质人|质权人|借款人|贷款人,质押财产|规格型号|单位|数量|财产状况|产权证书|估价值,贷款金额|贷款期限|保管费|保险费用|赔偿金|违约金|诉讼费|律师费,财产交付|质押担保|财产保险|保管义务|价值减少|保险赔偿|损害赔偿|优先受偿|提前清偿|处分质押|优先受偿|贷款利息|贷款本金|罚息|诉讼程序|书面同意,本合同涉及四方主体：出质人（即财产所有权人）为XX公司，质权人（即担保权人）为XX银行，借款人为XX公司，贷款人为XX银行。出质人同意将其财产质押给质权人，作为借款人向贷款人借款的担保。,本合同标的为出质人提供的质押财产，包括但不限于规格型号为XXX的财产，共计XX单位，数量为XX。该财产状况良好，并附有完整的产权证书作为权属证明。经专业评估机构评估，该质押财产的估价值为人民币XX万元整。,本合同项下贷款金额为人民币XX万元，贷款期限为XX个月。相关费用包括：保管费按年利率XX%计算，保险费用由出质人承担。如发生违约，违约方需支付赔偿金及违约金，并承担由此产生的诉讼费、律师费等全部费用。,出质人应按时完成财产交付，并办理质押担保登记手续。质押期间，出质人需为财产投保财产保险，并履行保管义务。如财产价值减少，出质人应及时补足或提供其他担保。保险赔偿金应优先用于偿还债务。质权人对质押财产享有优先受偿权，在借款人违约时有权处分质押财产。未经质权人书面同意，不得提前清偿债务。如发生争议，各方同意通过诉讼程序解决，质权人对贷款本金、利息及罚息享有优先受偿权。,114,担保合同--质押合同,担保合同,质押合同,
20250401,46,46_中国农业发展银行抵押担保借款合同,3378,借款人|贷款人|抵押人,借款|利率|期限|用途|金额,本金|利息|违约金|费用|支付|分期|还款|计划|对价|结算,抵押物|担保|登记|保险|评估|所有权|处分权|安全|完整|瑕疵|保管|使用|价值|恢复|转让|变卖|转移|租借|重复抵押|清偿|债权|债务|账户|资金|监督|检查|展期|扣收|追收|理赔|赔偿|损失|追偿|破产|诉讼|纠纷|受益|处理|实现|变更|终止|转让|通知|协商|诉讼|签章|生效,本合同主体包括借款人[借款人姓名/名称]、贷款人[贷款人姓名/名称]及抵押人[抵押人姓名/名称]，三方共同确认并签署本协议。,本合同标的为借款人向贷款人申请的借款，借款金额为人民币[金额]元整，借款用途为[用途]，借款期限为[期限]年/月，借款利率为年利率[利率]%。,合同价款包括借款本金[本金金额]元及相应利息。借款人应按还款计划分期支付本息，具体支付方式为[支付方式]。若发生违约，借款人需支付违约金[违约金比例]%及相关费用。双方同意以[结算方式]进行最终结算。,本合同交易条款约定：抵押物为[抵押物描述]，需办理担保登记及保险手续。抵押人保证抵押物所有权清晰、无瑕疵，并负责保管维护。贷款人有权监督资金使用，检查账户情况。若发生违约，贷款人可处分抵押物实现债权。合同变更或终止需书面通知，纠纷通过协商或诉讼解决。本合同自各方签章后生效。,105,借款合同--抵押担保借款合同,借款合同,抵押担保借款合同,
20250401,47,47_中国银行国家助学贷款抵押合同,3502,抵押人|抵押权人|借款人|债务人|债权人,抵押财产|财产净值|财产清单|限制流通|在建工程,贷款本金|借款利息|违约金|赔偿金|实现债权,担保范围|抵押期间|抵押登记|占有保管|维修保养|产权变动|经营改变|处分抵押|优先受偿|债权消灭|抵押无效|保险赔付|账户抵消|费用承担|权利放弃|合同修改,本合同涉及抵押人（即债务人/借款人）将其财产抵押给抵押权人（即债权人），三方权利义务关系明确。抵押人承诺履行还款义务，抵押权人依法享有担保权益。,本合同标的为抵押人提供的抵押财产，包括但不限于财产清单所列明的在建工程及其他资产。抵押财产净值将作为评估依据，但需注意其中可能存在的限制流通财产的特殊处理要求。,合同价款以贷款本金为基础，包含借款利息及相关费用。如发生违约，需支付违约金及赔偿金。抵押权人实现债权的费用由抵押人承担，包括但不限于诉讼费、保全费等实现债权过程中产生的合理支出。,抵押期间，抵押人应妥善保管抵押物并负责维修保养，不得擅自进行产权变动或改变经营状况。抵押权人享有优先受偿权，但债权消灭后应及时解除抵押。抵押无效情形下，保险赔付应优先用于偿还债务。双方同意不得擅自放弃权利或修改合同，所有变更需书面确认。抵押登记手续由抵押人负责办理并承担相关费用。,125,担保合同--抵押合同,担保合同,抵押合同,
20250401,48,48_嘉兴市嘉善县房地产余值抵押协议(样本),618,金融机构|抵押人|融资机构|担保机构|小额贷款,房屋|土地|抵押物|余值|余额部分,债务履行|担保权益|对价调整|注销抵押|重新取得,顺位抵押|解除约定|抵押权登记|优先顺位|担保权益|处置告知|配合手续|余额担保|限制调整|注销情形|重新取得|顺位在先|登记机关|签章生效|一式四份|事先告知|其他约定,本合同由金融机构（含融资机构、小额贷款公司）作为抵押权人，抵押人作为抵押物提供方，担保机构作为连带责任保证方共同签订。,本合同标的包括抵押人提供的房屋、土地等不动产作为抵押物，抵押物的余值及余额部分均纳入担保范围。,抵押权人向抵押人提供债务履行担保，抵押人以其担保权益作为对价。如发生对价调整，需重新确定担保范围。在债务清偿后，抵押权人应配合办理注销抵押手续，抵押人可重新取得抵押物完整权利。,本合同约定采用顺位抵押方式，抵押权人享有优先顺位担保权益。抵押人应配合完成抵押权登记手续，在债务履行完毕后办理注销抵押登记。在处置抵押物时需事先告知，抵押人应配合相关手续。当发生对价调整时，需经各方同意方可调整余额担保范围。在注销情形下，抵押权人可重新取得抵押物处置权。本合同自各方在登记机关完成签章后生效，文本一式四份，具有同等法律效力。,105,担保合同--抵押合同,担保合同,抵押合同,
20250401,49,49_家庭教育产品代理协议,2859,科技公司|经销商|代理商|法人企业,产品代理|教育软件|多媒体|授权经销,进货款|回款额|现款提货|货款到账|付款凭证|发票出具|运输费|价格保护|特价品|促销品|罚款|利息|电汇票|支票|汇款,授权期限|代理级别|进货折扣|任务指标|季度考核|级别调整|注册登记|营业执照|税务登记|法人身份证|商业活动|宣传资料|订货单|收货回执|价格政策|区域管理|价格管理|业务培训|市场支持|客户服务|用户投诉|产品质量|退货调换|运输工具|运费承担|库存情况|发货手续|逾期罚款|法律诉讼|合同终止,本合同主体为科技公司（甲方）与具备法人资格的经销商/代理商（乙方），乙方需提供营业执照、税务登记及法人身份证等资质文件完成注册登记,本合同标的为科技公司授权经销商代理销售其自主研发的教育软件及多媒体产品，授权经销范围包括但不限于产品代理、授权经销等商业活动,合同价款包含进货款、运输费等费用，支付方式可采用现款提货、电汇票、支票或汇款，甲方在货款到账后出具发票及付款凭证。价格政策包含特价品、促销品的价格保护机制，逾期付款将收取利息并可能面临罚款,授权期限为三年，根据季度考核结果可能调整代理级别及进货折扣。乙方需完成年度任务指标，遵守区域管理及价格管理规定。甲方提供业务培训、市场支持及客户服务，乙方需规范使用宣传资料并妥善处理用户投诉。产品质量问题可退货调换，运输工具及运费承担按约定执行。双方需按时提交订货单、收货回执并通报库存情况，违约方需承担逾期罚款直至法律诉讼。合同终止时需完成发货手续及财务清算,96,委托行纪中介合同--销售代理合同,委托行纪中介合同,销售代理合同,
20250401,50,50_全国普通高等学校毕业生就业协议书(样式三),868,毕业生|用人单位|学校|高校|学生司|就业部门|院系所|主管部门|联系人,毕业生|就业协议|协议书|就业工作|派遣手续,（该就业协议中未明确体现价款与支付条款）,国家规定|就业计划|报到时间|单位情况|毕业资格|学习成绩|违约条款|体检要求|备注约定|签字盖章|三方协议|变更协议|违约责任|复印无效|派遣手续|就业意见|使用意图|接收工作|推荐工作|审核流程|签字生效|履行协议|特殊要求|单独体检|协议取消,本协议由毕业生、用人单位和学校（含高校就业部门、院系所及学生司等主管部门）三方共同签订，各主体应指定专人作为联系人负责协议履行过程中的具体对接工作。,本就业协议书旨在规范毕业生、用人单位与学校三方在就业工作方面的权利义务关系，明确毕业生派遣手续办理流程，为应届毕业生就业提供法律保障和规范指引。,本就业协议属于非交易性质的法律文件，不涉及具体价款与支付条款）,协议明确要求各方须遵守国家规定和学校就业计划，约定报到时间前用人单位应如实告知单位情况，毕业生须确保毕业资格与学习成绩达标。协议包含违约条款、体检要求（含特殊要求的单独体检）等具体约定，经三方签字盖章后生效（注明复印无效）。涉及协议变更或取消时，需经三方协商并履行审核流程。用人单位应明确就业意见和使用意图，学校负责推荐工作和接收工作的审核，毕业生应配合完成派遣手续。协议特别约定了违约责任及履行协议的注意事项，备注栏可供补充特殊约定事项。,85,教育文化合同--就业保障合同,教育文化合同,就业保障合同,
20250401,51,51_广州市知识产权教育试点工作（2013年）合同书,1107,知识产权局|试点学校|区县局|师资队伍|业务指导|项目管理|绩效评价,知识产权|教育试点|工作体系|青少年教育|创新精神|实践能力|尊重知识|保护意识,贰万元|计划经费|一次性|自筹款|专账核算|核拨款|经费结算|剩余资金,工作目标|工作任务|工作措施|实施方案|师资队伍|教育课程|实践活动|发明创造|创新竞赛|申请专利|资金管理|监督检查|绩效评价|项目变更|经费上缴|合同生效,本合同主体包括知识产权局、试点学校及区县局，各方共同负责师资队伍建设、业务指导、项目管理和绩效评价等工作。,本合同标的为开展青少年知识产权教育试点工作，旨在通过构建完善的工作体系，培养青少年的创新精神和实践能力，增强其尊重知识和保护知识产权的意识。,合同价款为贰万元，由计划经费和自筹款组成，采用一次性支付方式，实行专账核算，核拨款到位后进行经费结算，剩余资金按约定处理。,合同交易条款包括明确工作目标、工作任务及工作措施，制定实施方案，组织师资队伍开展教育课程、实践活动及发明创造，举办创新竞赛并协助申请专利。同时，严格资金管理，接受监督检查，实施绩效评价，规范项目变更流程，明确经费上缴要求，自各方签字盖章后合同生效。,85,教育文化合同--办学合同,教育文化合同,办学合同,
20250401,52,52_2022年重庆市政府债券柜台市场发行分销协议(范本),4151,财政局|承办机构|分销商|投资者|金融机构|企业客户|个人客户|托管人|承销团|做市商,债券发行|政府债券|记账债券|柜台债券|分销额度|票面利率|本息兑付|债权债务|专项债券|一般债券,分销手续费|专项分销费|票面利率|支付批次|支付方式|缴款账户|违约金|利息支付|本金兑付|资金划转,分销方式|分销期限|最高限额|包销义务|登记托管|信息披露|发行公告|招投标书|做市报价|年度考核|分销比例|债权成立|资金账户|发行条件|发行要素|分销资格|授权委托|补充协议,本合同主体包括作为发行方的财政局及其指定的承办机构，以及由金融机构组成的承销团。分销商负责债券的市场分销，投资者包括企业客户和个人客户。托管人负责债券登记托管，做市商提供流动性支持。,本合同标的为政府债券的发行与分销，包括记账债券和柜台债券两种形式。债券类型涵盖专项债券和一般债券，发行要素包括票面利率、本息兑付方式等核心条款。分销额度由承销团根据市场情况确定，并明确债权债务关系。,合同价款涉及分销手续费和专项分销费，支付方式包括多批次支付至指定缴款账户。票面利率确定利息支付标准，本金兑付按约定执行。资金划转需符合监管要求，违约方需支付违约金。,交易条款明确分销方式、分销期限和最高限额，承销团承担包销义务。发行条件包括信息披露要求、发行公告和招投标书。做市报价机制确保市场流动性，年度考核评估分销商表现。补充协议可对分销比例等条款进行调整，授权委托明确各方权限。,114,证券期货合同（投资理财合同）--证券承销合同,证券期货合同（投资理财合同）,证券承销合同,
20250401,53,53_航次租船合同,1706,出租人|承租人|承运人|托运人|代理|签章,船名|船籍港|总吨|净吨|载货吨|总舱容|舱口数|吊杆|吃水|货名|件数|包装|重量|体积|价值,运费|滞期费|速遣费|佣金|税费|规费|支付|结算|银行|账号,受载期|装货港|卸货港|安全港|安全泊位|装货率|卸货率|晴天工作日|星期日除外|节假日除外|港口习惯|装卸时间|滞期费率|速遣费率|运费率|亏舱费|堆舱费|平舱费|班轮条件|开舱卸货|留置货物|仲裁|法律适用|洽租佣金|补充合同|有效时间|签章日期|签章地点,本合同主体包括出租人、承租人、承运人、托运人、代理等各方，各方需在合同上签章确认。,本合同标的为船舶运输服务，涉及船名、船籍港、总吨、净吨、载货吨、总舱容、舱口数、吊杆、吃水等船舶技术参数，以及货名、件数、包装、重量、体积、价值等货物信息。,合同价款包括运费、滞期费、速遣费、佣金、税费、规费等费用，支付方式通过银行账号进行结算。,合同交易条款涵盖受载期、装货港、卸货港、安全港、安全泊位等港口信息，以及装货率、卸货率、晴天工作日、星期日除外、节假日除外、港口习惯等装卸条款。此外，还包括滞期费率、速遣费率、运费率、亏舱费、堆舱费、平舱费、班轮条件、开舱卸货、留置货物等费用条款，以及仲裁、法律适用、洽租佣金、补充合同、有效时间、签章日期、签章地点等法律与补充条款。,115,海事海商合同--航次租赁合同,海事海商合同,航次租赁合同,
20250401,54,54_中国平安财产保险股份有限公司船舶建造保险条款(重点客户专用版),3720,财产保险|保险公司|船厂建造|承包商|分包商|供应商|船东指定,船舶建造|船体部分|机械设备|物料物资|建成价格|合同价格|保险价值|保险金额|暂定价值|设计变更,保费退还|加收保费|比例退还|暂定价值|保险金额|赔偿限额|免赔额|修理费用|施救费用|救助费用,保险期间|开工日期|交付日期|展期条款|承保区域|造船厂内|试航距离|装卸运输|拖航保管|安装过程|船舶下水|进出船坞|码头停靠|自然灾害|意外事故|疏忽过失|潜在缺陷|设计错误|碰撞触碰|共同海损|油污清除|法律费用|索赔流程|损失清单|检验报告|修理折扣|市场价值|恶劣天气|船舶失踪|全部损失,本合同涉及财产保险业务，由保险公司为船厂建造项目提供保障。承包商作为主要建造方，可指定分包商和供应商参与项目。船东有权指定特定供应商参与部分建造工作。,本合同标的为船舶建造项目，包括船体部分、机械设备及物料物资的建造与供应。合同价格以建成价格为基础确定，同时包含保险价值和保险金额的约定。在建造过程中如发生设计变更，将按照暂定价值进行相应调整。,本保险合同涉及保费退还、加收保费及比例退还等保费调整机制。保险金额以暂定价值为基础确定，并设置赔偿限额和免赔额。保障范围包括修理费用、施救费用和救助费用等必要支出。,保险期间自开工日期起至交付日期止，适用展期条款。承保区域包括造船厂内、试航限定距离及装卸运输过程。保障范围涵盖拖航保管、安装过程、船舶下水等关键环节，以及进出船坞和码头停靠期间的风险。承保风险包括自然灾害、意外事故、疏忽过失等，特别包含潜在缺陷和设计错误导致的损失。同时承保碰撞触碰、共同海损及油污清除等特殊风险，并承担相关法律费用。索赔流程要求提供损失清单和检验报告，理赔时考虑修理折扣和市场价值因素。对恶劣天气导致的船舶失踪或全部损失提供特别保障。,120,保险合同--建筑工程保险合同,保险合同,建筑工程保险合同,
20250401,55,55_宁波市海域使用权出让合同,4349,出让方|受让方|海洋局|政府方|测量方|第三方|继承人|用海人|审批方|执法方,海域权|使用权|空间权|底土权|埋藏物|构筑物|位置图|四至图|面积数|用途项,使用金|应缴额|征收标|减缴款|免缴款|滞纳金|一次性|分年度|分期付|银行账|缴款点|调整款|补缴款|补偿款,出让期|终止日|续期权|优先权|用途限|改建权|扩建权|申请权|批准权|免缴项|减缴项|调整项|补缴项|竣工测|超占款|转让权|出租权|抵押权|入股权|继承权|变更权|收回权|补偿权|拆除责|检查权|处罚权|注销权|排妨权|报告责|配合责|测绘限|处理费,本合同涉及多方主体：出让方为XX海洋局，受让方为XX公司，政府方负责审批监管，测量方负责海域测绘。第三方机构参与评估，继承人可依法继承用海权益，执法方对违规行为具有处罚权。,本合同标的为海域使用权及其相关权益，包括海域空间权、底土权及埋藏物处置权。具体范围以位置图、四至图为准，面积数为XX公顷，用途项明确为XX用途，相关海域构筑物需符合规划要求。,海域使用金应缴额为XX万元，征收标准按XX执行。受让方可申请减缴款或免缴款，滞纳金按日XX%计收。支付方式可选一次性缴清、分年度或分期付，款项汇入指定银行账，缴款点为XX。后续可能涉及调整款、补缴款及补偿款。,出让期为XX年，终止日为XX，受让方享有续期权和优先权。用途限为XX，改建权、扩建权需经批准。免缴项、减缴项需符合条件，超占款按标准补缴。权益包括转让权、出租权、抵押权等，但变更权、收回权属出让方。受让方需履行拆除责、报告责，配合检查权，测绘限由测量方执行，处理费由责任方承担。,125,买卖合同--土地出让合同,买卖合同,土地出让合同,
20250401,56,56_国内经营公司与外派海员外派协议范本,1978,经营公司|外派海员|海外雇主,海员|职务|船舶|雇主|轮任,工资|美元|家汇|现金|月付|加班费|休假金|日基薪|双倍|保险金|保证金|服务费|赔偿金|利息,合同期|航次|延长|基本工资|工作时间|加班|劳动保护|医疗险|伤亡险|工伤|疾病|死亡|保险|服务费|担保金|履约|赔偿|培训|出国手续|登船|差旅费|食宿费|交通费|在船职责|外事纪律|港口规定|船长指令|遣返|仲裁|诉讼,本合同主体包括经营公司（负责外派海员的管理与服务）、外派海员（履行合同约定的劳动职责）以及海外雇主（提供船舶工作岗位并支付相关费用）。,本合同标的为外派海员在指定船舶上担任特定职务，包括但不限于船长、轮机长等轮任岗位，由雇主安排具体工作内容和船舶调配。,合同价款包括海员的基本工资（以美元计算，按月支付）、加班费（按双倍日基薪计算）、休假金、保险金及保证金等。支付方式可通过家汇或现金发放，同时涵盖医疗险、伤亡险等保障费用。若发生违约，需承担赔偿金及利息。,合同期以航次或固定期限为准，可协商延长。海员须遵守工作时间、加班及劳动保护规定，享有医疗险、工伤及死亡保险。服务费、担保金及培训费用由雇主承担，出国手续、登船差旅费及食宿交通费按约定执行。在船期间，海员需履行岗位职责，遵守外事纪律、港口规定及船长指令。合同终止时，雇主负责遣返。争议解决可通过仲裁或诉讼。,115,劳动关系合同--劳务合同,劳动关系合同,劳务合同,
20250401,57,57_ＣＩＦ合同书,3187,买方|卖方|制造商|供货商|收货人|付款行|开证行|商检局|保险公司|船主,商品名称|规格|单位|数量|单价|总金额|包装|保险|重量|技术细节|附件A,发票金额|信用证|电汇|航空汇款|付款行|开证行|即期汇票|装运文件|付款条件|保证金,装船时间|装货港|目的港|唛头|提单|空运单|运费|背书|地址|电话号码|装箱单|质量证明|数量证明|发货详情|出口许可证|原产地证明|检验报告|索赔|更换货物|降价|缺陷排除|质保期|验收证明|初步检验|最终结果|试运行|商检费|保险费|仓储费|装卸费|补口材料|售后服务,本合同涉及买方与卖方作为主要合同方，制造商负责商品生产，供货商提供原材料。收货人负责货物接收，付款行与开证行处理支付事宜，商检局进行质量检验，保险公司承保运输风险，船主负责海上运输。,本合同标的为附件A中列明的商品，包括具体商品名称、规格、单位、数量及单价，总金额为各商品单价与数量乘积之和。所有商品均按约定包装标准执行，并包含相应保险。商品重量和技术细节详见附件A的技术参数表。,合同价款以发票金额为准，支付方式可采用信用证、电汇或航空汇款。付款行根据开证行提供的即期汇票和装运文件按付款条件执行支付。合同签订时需支付一定比例的保证金作为履约担保。,货物应在约定装船时间内从装货港发往目的港，运输单据包括提单或空运单，注明唛头及运费条款。卖方需提供完整装箱单、质量证明、数量证明及发货详情，并办理出口许可证、原产地证明。货物需经检验报告确认合格，如存在缺陷，买方有权索赔、要求更换货物或降价。质保期内卖方应负责缺陷排除，提供验收证明。交易过程涉及初步检验、最终结果确认及试运行。相关费用包括商检费、保险费、仓储费、装卸费及补口材料费，卖方应提供完善的售后服务。,110,买卖合同--进出口买卖合同,买卖合同,进出口买卖合同,
20250401,58,58_设立外商投资有限公司合同,5945,中外合资|有限公司|企业法人|注册地|法定代表人,外商投资|有限公司|经营企业|合资经营|注册资本,投资总额|注册资本|出资额|出资比例|出资方式|外汇汇率|缴款期限,经营目的|经营范围|经营规模|设备购买|产品销售|商标使用|董事会|董事名额|董事长|副董事长|经营管理|总经理|副总经理|劳动管理|工会组织|税务财务|审计制度|合营期限|财产处理|保险事宜|合同修改|违约责任|不可抗力|适用法律|争议解决|合同文字|合同生效,本合同主体为中外合资双方，均为依法设立的有限公司，具有企业法人资格。合资公司的注册地及法定代表人的相关信息在合同中具体列明，双方应按照各自国家法律履行相关登记手续。,本合同标的为中外双方共同投资设立一家合资经营有限公司，该企业为具有独立法人资格的经营企业。合资公司的注册资本由双方共同出资构成，具体金额和比例在合同中明确约定。,合同价款涉及投资总额、注册资本及各方的出资额、出资比例等。出资方式包括现金、实物等多种形式，涉及外汇的按约定汇率折算。各方应严格按照合同规定的缴款期限完成出资义务，逾期将承担相应违约责任。,本合同交易条款全面规范合资公司的经营管理，包括经营目的、范围及规模；设备采购与产品销售安排；商标使用授权；董事会构成（含董事名额分配及董事长、副董事长人选）；高级管理人员（总经理、副总经理）任命；劳动管理及工会组织；税务财务制度与审计要求；合营期限及期满财产处理；保险事宜；合同修改程序；违约责任认定；不可抗力处理；适用法律选择；争议解决机制（协商或仲裁）；合同文字效力（中英文版本）；以及合同生效条件等核心内容。,125,企业组织经营合同--中外合资经营合同,企业组织经营合同,中外合资经营合同,
20250401,59,59_来件装配协议书（轻工）,1797,进出口|分公司|无线电|香港|有限公司|装配厂|供应商|制造商|合作方,收音机|电子钟|装配费|元器件|包装物|检验仪|设备款|加工费|成品货,分期付|加工费|设备款|运费|卸货费|工资款|生活费|对价款|偿付款,厂房图|施工计|设备安|元件运|试装期|正式装|损耗率|交货期|运费担|卸货担|技术指|生产期|质量责|延期责|技术交|设备调|自然损|品种异|工序繁|款式多|竞争强|成本降|元件产|仪器供|确认准|平面图|安装图|三个月|一个月,本合同由香港某有限公司及其分公司作为进出口方，与国内无线电装配厂合作，供应商与制造商作为合作方共同参与本项目的实施。,本合同标的包括收音机、电子钟等成品货的生产与交付，涉及元器件采购、装配费、加工费等具体项目，同时包含检验仪等设备款及包装物相关费用。,项目总价款包含设备款、加工费等多项费用，采用分期付方式支付，具体包括对价款、偿付款等款项，同时明确运费、卸货费、工资款及生活费等支付细则。,合同约定三个月试装期后进入正式装生产期，明确厂房图、施工计等图纸要求，规定元件运、设备安等流程，技术交、设备调等技术支持条款，以及质量责、延期责等责任划分。特别约定了自然损、品种异等特殊情况处理，工序繁、款式多等生产要求，竞争强、成本降等经营目标，元件产、仪器供等供应链保障，确认准、平面图等技术标准，一个月交货期等时间节点，以及运费担、卸货担等费用分担方式。,80,加工承揽合同--加工合同,加工承揽合同,加工合同,
20250401,60,60_中外合资经营企业合同(适用于举办制造厂),4481,中国公司|外国公司|合资方|技术方|投资方,制造厂|合资企业|生产产品|经营范围|生产规模,注册资本|出资比例|现金出资|实物出资|分期缴付,董事会|总经理|经营管理|财务会计|劳动管理|采购设备|纳税义务|保险计划|违约责任|不可抗力|争议解决|适用法律|合同变更|合同解除|合同生效|合同附件,本合同主体包括中国公司（甲方）与外国公司（乙方），双方作为合资方共同设立合资企业。技术方负责提供生产技术支持，投资方按约定投入资金及资源，确保合资企业顺利运营。,本合同标的为设立一家制造厂，该厂为中外合资企业，主要生产产品包括XX系列产品。合资企业的经营范围涵盖生产、销售及相关配套服务，生产规模初步规划为年产XX万台/套，具体产能可根据市场需求调整。,合资企业的注册资本为XX万元人民币，出资比例为中国公司占XX%，外国公司占XX%。出资方式包括现金出资和实物出资，双方同意分期缴付注册资本，具体缴付时间及金额详见合同附件。,合资企业设立董事会作为最高权力机构，总经理由董事会任命，负责日常经营管理。财务会计制度按中国相关法规执行，劳动管理遵循当地劳动法规定。合资企业负责采购设备并承担纳税义务，同时需制定保险计划以规避风险。违约责任条款明确违约方需承担相应责任，不可抗力情形下可部分或全部免除责任。争议解决方式为协商或仲裁，适用法律为中国法律。合同变更或解除需经双方书面同意，合同自双方签字盖章后生效，合同附件与本合同具有同等法律效力。,113,企业组织经营合同--中外合资经营合同,企业组织经营合同,中外合资经营合同,
20250401,61,61_雷诺士烟草国际(亚太地区)有限公司华美卷烟有限公司商标许可证合同,7187,许证方|受证方|合资|制造|销售,商标|卷烟|牌号|注册|授权,使用费|美元|汇款|预扣|代缴,质量标准|规格|批准|生产|销售|广告|推销|配方|制造|包装|标签|箱盒|组成|材料|监督|检查|授权,本合同主体为许证方与受证方，双方通过合资形式开展合作，涉及卷烟制造与销售业务的授权关系,本合同标的为卷烟商标的注册与授权事宜，具体包括牌号商标的使用权及相关知识产权授权事项,合同价款以美元计价，受证方应按时支付商标使用费，通过银行汇款方式结算，并按规定预扣和代缴相关税费,交易条款涵盖卷烟生产的质量标准与规格要求，需经批准后方可生产销售；包括广告推销方案、产品配方、制造工艺、包装设计（含标签、箱盒等）、材料组成等具体规范；许证方保留监督检查权，受证方须在授权范围内开展经营活动,125,技术合同--技术许可合同,技术合同,技术许可合同,
20250401,62,62_商业秘密转让合同,2505,商业秘密|技术转让|合作期限|合资经营|生产期限|补偿能力|外汇平衡|商标使用|包装要求|税费承担,技术名称|技术资料|设计图纸|生产技术|制造工艺|质量控制|试验安装|调试维修|产品图纸|技术秘密|技术文件|合作生产|补偿贸易|零部件|主机返销,美元支付|现金支付|银行保函|商业发票|即期汇票|空运提单|净产值|提成费|返销产品|补偿贸易|支付进度|支付方式|支付期限|费用结算|外汇结算,资料交付|技术审核|资料验证|完整性|正确性|清晰性|优惠价格|零部件|主机试制|试验合格|最新技术|技术成果|商标序号|铭牌标明|包装要求|防潮防震|唛头标识|装箱单|毛重净重|尺码品名|技术保密|剩余费用|合资投资|生产终止|协商解决,本合同为商业秘密保护下的技术转让协议，合作期限为十年，采用合资经营模式。乙方需确保生产期限内的补偿能力及外汇平衡，同时遵守双方约定的商标使用规范。产品包装需符合防潮防震要求，相关税费由双方按约定比例承担。,本合同涉及的技术转让内容包括技术名称、技术资料、设计图纸、生产技术、制造工艺及质量控制标准等全套技术文件。合作双方将基于产品图纸和技术秘密开展合作生产，采用补偿贸易方式，由甲方提供零部件并由乙方负责主机返销。所有试验安装、调试维修环节均需按照合同约定的技术标准执行。,合同价款以美元支付，分阶段通过现金支付、银行保函或即期汇票结算。甲方需提供商业发票及空运提单作为支付凭证。支付进度按净产值及提成费计算，返销产品将用于补偿贸易。剩余费用需在支付期限内完成外汇结算，具体支付方式由双方另行协商确定。,技术资料交付后，乙方需进行技术审核及资料验证，确保其完整性、正确性和清晰性。甲方承诺以优惠价格提供零部件，并协助乙方完成主机试制直至试验合格。技术成果需标明商标序号及铭牌，包装需注明唛头标识、毛重净重及尺码品名。双方应严格履行技术保密义务，若因合资投资问题导致生产终止，剩余费用及争议应协商解决。,120,技术合同--技术转让合同,技术合同,技术转让合同,
20250401,63,63_专利技术实施许可合同,5082,许可方|被许可方|法人代表|委托代理|联系人|住所|通讯地址|电话|开户银行|账号,专利|专利号|专利名|技术资料|合同产品|销售额|净销售额|纯利润|改进技术,使用费|入门费|分期付|银行转|账号选|CPI调|税后金|代扣税|纳税证|支付期,许可方式|许可范围|技术交付|验收标|保密事|服务培|后续改|改进通|改进专|改进免|保密义|违约赔|解除通|赔偿金|停止侵|双倍赔|协助诉|专利转|备案责|材料协|保存份|不可抗|减轻损|通知方|证明出|延期履|部分履|合同终|税费约|争议解|友好协|调处决|法院诉|律师费|调查费|差旅费|财产执|合同生|合同变|合同终|特殊约|虚假证|赔偿请|授权书|转让知|备案期|预见解|公平解,本合同由许可方与被许可方共同签订，双方应提供法人代表授权委托书及联系人信息。合同载明各方住所、通讯地址、电话等联络方式，并确认开户银行及账号信息用于资金往来。双方承诺所提供的主体信息真实有效。,本合同涉及的标的为许可方持有的专利技术，包括专利号、专利名及相关技术资料。合同产品生产销售过程中产生的销售额、净销售额及纯利润均需按约定比例分配。双方在合作期间对改进技术享有共同权益，改进成果应纳入本合同管理范畴。,被许可方应支付专利使用费及入门费，可采用分期付款方式通过银行转账至指定账号。支付金额需按CPI指数调整，所有款项均为税后金额，代扣税款后应提供完税证明。支付期限按合同约定执行，逾期需承担违约责任。,本专利采用独占许可方式，限定在约定范围内实施。技术交付后需按验收标准确认，双方须履行保密义务。许可方应提供服务培训，对后续改进技术应及时通知。任何改进专利均需备案，改进方享有免费实施权。违约方需支付赔偿金直至停止侵权，严重违约需双倍赔偿。争议优先友好协商，协商不成可诉讼解决，败诉方承担律师费等费用。合同生效后非经双方同意不得变更，遇不可抗力可延期履行。合同终止时应完成专利转让通知及备案，特殊约定事项需单独签署补充协议。,105,技术合同--技术许可合同,技术合同,技术许可合同,
20250401,64,64_专利许可合同(样式二),3233,专利权人|被许可方|分许可权|独占许可|技术援助,专利号|专利技术|技术范围|技术资料|改进成果,使用费|分期支付|提成费|支付日期|税费扣缴,技术培训|技术服务|专利改进|技术使用|合同地区|出口国家|技术援助|专利维护|年费支付|起诉权|费用分摊|实施义务|竞争产品|技术资料|改进通知|专利申请,本合同主体为专利权人与被许可方，专利权人授予被许可方独占许可权，并允许其在特定条件下行使分许可权，同时提供必要的技术援助。,本合同标的为专利权人持有的专利号所涵盖的专利技术，包括技术范围、技术资料及后续改进成果。,合同价款包括使用费、提成费及其他相关费用，采用分期支付方式，具体支付日期及税费扣缴方式按约定执行。,被许可方享有技术培训、技术服务及专利改进的权利，可在合同地区及出口国家使用专利技术，但需履行实施义务，不得生产竞争产品。专利权人负责专利维护及年费支付，双方共同承担起诉权及费用分摊责任。被许可方需及时提交改进通知，并配合专利申请相关工作。,125,技术合同--技术许可合同,技术合同,技术许可合同,
20250401,65,65_融资租赁合同版本,3108,出租方|承租方|融资租赁|租赁委托|经济担保,租赁物件|规格型号|使用地点|数量明细|附表信息,总成本|美元额度|外币支付|调剂美元|租金计算|支付批次|银行划拨|外汇牌价|人民币结算|托收方式|名义货价|延付利息|保证金,租赁期限|所有权属|使用权限|续租条款|交货地点|验收期限|商检证明|质量保证|索赔权|维修保养|费用承担|损坏赔偿|保险手续|财产险|保险费|检验报告|索赔资料|保证金|合同变更|书面通知|租金调整|交货延迟|安装费用|使用风险|复原修理|更换部件|预定损失|保险事故|抵偿款项|合同解除|法律效力,本合同由出租方与承租方签订，采用融资租赁方式履行。承租方委托出租方办理租赁事宜，并由第三方提供经济担保，确保合同义务的履行。,本合同标的物为融资租赁物件，包括详细规格型号、使用地点及数量明细等具体信息，相关技术参数及交付要求详见合同附表信息。,合同总成本以美元额度计算，可采用外币支付或调剂美元方式结算。租金计算采用分期支付方式，通过银行划拨完成。支付依据外汇牌价折算人民币结算，采用托收方式收款。合同约定名义货价及延付利息计算标准，承租方需缴纳保证金作为履约担保。,租赁期限明确约定租赁物所有权属及使用权限，包含续租条款。交货地点、验收期限及商检证明要求明确。质量保证期内承租方享有索赔权，维修保养责任划分清晰。费用承担包括损坏赔偿、保险费（含财产险）等。检验报告及索赔资料需完整提供。合同变更需书面通知，租金调整条件明确。约定交货延迟责任、安装费用承担及使用风险划分。包含复原修理、更换部件等条款，预定损失处理方式及保险事故赔偿程序。明确抵偿款项计算、合同解除条件及法律效力条款。,120,租赁与融资租赁--融资租赁合同,租赁与融资租赁,融资租赁合同,
20250401,66,66_房屋租赁合同(医疗服务站),3360,出租方|承租方|社区卫生|医疗服务|法定代表人,房屋结构|楼层面积|房屋用途|装修状况|设施状况,租金标准|计租年度|年租金|月租金|支付方式|滞纳金|违约金|装修期,租赁期限|房屋交付|水电接入|装修施工|安全防范|消防标准|转租限制|物业管理|优先续租|合同终止|征收征用|营业执照|安全事故|房屋质量|权属证书|租金缴纳,本合同由出租方（甲方）XX公司/个人与承租方（乙方）XX公司/个人签订，双方均具备合法主体资格。出租方承诺房屋权属清晰，承租方需提供营业执照（如为企业）及法定代表人身份证明。社区卫生及医疗服务由物业或相关机构提供，不纳入本合同直接责任范围。,本合同标的为位于XX小区X栋X单元X层的房屋，建筑面积XX平方米，房屋用途为商业/住宅（根据实际情况填写）。该房屋为精装修/毛坯交付（根据实际情况选择），设施状况良好，包含基本水电、暖气、燃气等配套设施，具体以现场查验为准。,房屋租金标准为XX元/平方米/月，年租金总额XX元，按月/季/年支付（选择具体方式）。首期租金应于合同签订后X日内支付，后续租金于每月X日前缴纳。若逾期支付，需按日加收X%滞纳金；若单方违约，违约方需支付相当于X个月租金的违约金。承租方可享受X个月装修期，期间免收租金，但需承担物业管理费及其他费用。,租赁期限为X年，自XX年X月X日起至XX年X月X日止。出租方应于X日前完成房屋交付，并确保水电正常接入。承租方装修需符合消防标准，不得破坏房屋主体结构，施工前须向物业报备。未经出租方书面同意不得转租，物业管理费由承租方承担。合同期满后，承租方在同等条件下享有优先续租权。若遇政府征收征用或房屋质量问题导致合同无法履行，双方可协商终止。承租方须按时缴纳租金并办理营业执照（如商用），因安全事故或房屋权属纠纷导致的损失由责任方承担。,108,租赁与融资租赁--房屋租赁合同,租赁与融资租赁,房屋租赁合同,
20250401,67,67_辽宁省公共租赁住房租赁合同(示范文本LF—2011—0602),2331,出租方|承租方|产权人|家庭成员|保障对象,住房|建筑面积|设施设备|完好状态|附属设备,租金|滞纳金|押金|支付批次|支付方式|租金优惠|物业费|供暖费|水电费|煤气费|电视费,租赁期限|备案日期|居住用途|转租限制|装修限制|拆改限制|维修责任|消防安全|检查配合|退出条件|续租手续|费用结算|违约金|争议解决|合同解除|租金调整,本合同主体包括出租方（产权人）和承租方（保障对象），承租方可为个人或其家庭成员，双方均需履行各自权利义务。,本合同标的为出租方提供的住房，该住房建筑面积明确，设施设备齐全且保持完好状态，包括各类附属设备均符合使用要求。,合同价款包括租金、押金及可能产生的滞纳金，租金可按支付批次分期支付，支付方式灵活。租金优惠条件明确，承租方需承担物业费、供暖费、水电费、煤气费及电视费等费用。,租赁期限及备案日期明确，住房仅限居住用途，禁止转租。装修及拆改受限制，维修责任划分清晰。承租方需配合消防安全检查，遵守退出条件及续租手续。费用结算、违约金及争议解决条款完备，合同解除或租金调整需按约定执行。,107,租赁与融资租赁合同--房屋租赁合同,租赁与融资租赁合同,房屋租赁合同,
20250401,68,68_租赁合同,3611,出租方|承租方|卖方|经济担保人,租赁物件|型号|规格|数量|制造厂商|交货地点|安装地点,租金总额|每期租金|租赁保证金|名义货价|手续费|美元额度|外币支付|调剂美元|银行划拨|托收|利息|赔偿金,租赁期限|交货条件|卸货港|验收期限|质量保证|索赔权|维修保养|设备状态|费用承担|毁损风险|保险手续|财产险|保险事故|检验报告|索赔事宜|租赁保证金|经济担保|争议解决|合同附件|书面形式,本合同涉及的主体包括出租方XX、承租方XX、卖方XX及经济担保人XX。,本合同标的为租赁物件，包括型号为XX、规格为XX的设备共计XX台，由XX制造厂商生产。交货地点为XX，安装地点为XX。,合同价款包括租金总额XX元，每期租金XX元，租赁保证金XX元，名义货价XX元，手续费XX元。支付方式包括美元额度XX元，外币支付XX元，调剂美元XX元，银行划拨XX元，托收XX元。利息按XX计算，逾期支付需支付赔偿金XX元。,租赁期限为XX年，交货条件为XX，卸货港为XX，验收期限为XX天。质量保证期为XX个月，承租方享有索赔权。维修保养由XX负责，设备状态需符合XX标准。费用承担包括XX，毁损风险由XX承担。保险手续由XX办理，包括财产险XX，保险事故处理按XX执行。检验报告需在XX天内提交，索赔事宜按XX处理。租赁保证金为XX元，经济担保由XX提供。争议解决方式为XX，合同附件包括XX，所有变更需以书面形式确认。,105,租赁与融资租赁合同--设备租赁合同,租赁与融资租赁合同,设备租赁合同,
20250401,69,69_网站建设合同(样式一),3209,企业材料|图片清晰|业务内容|系统开发|设计人员|项目管理|网站开发|虚拟主机|信息传播|域名管理,首页设计|二级页面|内容页面|网站建设|网页制作|网站版权|源程序|代码所有权|虚拟主机|域名注册,总金额|人民币|合同款|首付款|建设款|余款|支付方式|付款期限|逾期十日|单方终止,材料完整|图片清晰|业务了解|书面反馈|签名认可|进度控制|备份资料|国家法律|社会公益|版权归属|源程序|代码所有|虚拟主机|域名管理|账号密码|信息设备|按时完成|完全产权|保密资料|随意更改|原始资料|样稿保密|合同价款|逾期终止|系统安全|错误修改|业务沟通|正常使用|营业数据|管理培训|扩展服务|平台安全|设备故障|信息更正|通讯服务|赔偿损失|免费维护|添加文字|删除文字|修改文字|功能完善|网站结构|设计风格|功能模块|项目进度|材料齐全|设计认可|工作周期|网上发布|浏览器|网址输入|资料拖延|定稿拖延|验收程序|上传主机|验收通知|验收标准|文字拼写|图片错误|数据库|运行稳定|维护方便|验收期限|验收合格|修改功能|主页风格|系统分析|开发制作|收费标准|资料提交|共同执行|进度表|系统分析|单方违约|合同保密|知识产权|完全违约|仲裁解决|电信检修|政策调整|自然灾害|不可抗力|合同生效|补充条款|法律效力,本合同主体为具备企业材料齐全、业务内容明确的委托方，与具有系统开发能力的承接方。承接方需配备专业设计人员和项目管理团队，负责网站开发全过程。双方共同负责虚拟主机管理和域名管理事宜，确保信息传播的合法合规性。,本合同标的包括网站首页设计、二级页面及内容页面的制作，涵盖完整的网站建设服务。具体包括网页制作、网站版权归属、源程序及代码所有权的转让，同时提供虚拟主机服务和域名注册等配套服务。,合同总金额为人民币XX元整。支付方式为分期付款：首付款占合同款的XX%，于合同签订后支付；建设款XX%在项目中期支付；余款XX%在验收合格后结清。付款期限为各阶段完成后十日内，逾期十日未付款视为单方终止合同。,委托方需提供材料完整、图片清晰的原始资料，并对业务内容进行充分说明。承接方需按时完成工作，保证网站结构合理、设计风格统一、功能模块完善。双方应共同执行项目进度表，按验收标准进行验收。若出现资料拖延或定稿拖延，需承担相应责任。验收合格后，承接方需提供免费维护服务，确保网站运行稳定。任何单方违约需赔偿损失，争议通过仲裁解决。合同生效后，补充条款具有同等法律效力，知识产权归属按约定执行。,115,网络信息技术合同--网站建设合同,网络信息技术合同,网站建设合同,
20250401,70,70_行业商务互联网二级中心授权合同,2750,一级中心|二级中心|法人代表|营业执照|注册地点|邮政编码|特许经营|加盟单位,授权经营|区域二级中心|专有商标|软件产品|标准平台|中文网址|中文邮箱|技术支持|市场支持|技术培训|业务培训,应用费|人民币|首付款|余款|长期加盟|年度加盟|汇款|支付期限|到账日,经营区域|授权区域|业务拓展|特许内容|市场通报|技术热线|安装调试|系统运行|软件开发|价格政策|用户开拓|营销方案|项目实施|市场监督|品牌维护|打假行动|教育培训|广告宣传|促销活动|解决方案,本合同主体为一级中心与二级中心，二级中心需具备法人代表资格，提供营业执照并明确注册地点及邮政编码。二级中心作为特许经营加盟单位，需遵守一级中心的管理规范。,本合同标的为一级中心授权二级中心在指定区域内使用专有商标、软件产品和标准平台开展特许经营活动，包括提供中文网址、中文邮箱等技术支持，以及市场支持、技术培训和业务培训等配套服务。,合同价款包括应用费、首付款及余款，以人民币结算。支付方式可选择长期加盟或年度加盟，具体金额及支付期限以合同约定为准。款项需通过汇款方式支付，到账日以银行记录为准。,二级中心在授权区域内开展业务拓展，享有特许内容规定的权益，同时需履行市场通报、技术热线支持、安装调试及系统维护等义务。一级中心提供软件开发、价格政策指导及用户开拓支持，并监督二级中心的营销方案、项目实施及市场行为。双方共同维护品牌形象，开展打假行动、教育培训、广告宣传及促销活动，确保解决方案的有效实施。,85,企业组织经营合同--特许经营合同,企业组织经营合同,特许经营合同,
20250401,71,71_软件销售合同(样式八),1588,销售|购买|企业|管理|信息化|用友|软件|公司|甲方|乙方,产品|版本|单位|用户数|数量|单价|金额|软件|服务|数据|升级|实施|天数|费用,总额|定金|余款|支付|分期|转账|发票|人民币|大写|小写|百分比|金额,安装|调试|验收|异议|维护|备份|异常|故障|实施|计划|数据|准备|导入|版本|服务|电话|远程|上门|回访|响应|时间|报修|解决|技术|人员|季度|定期|免费|有偿|标准|收费,本合同由甲方（购买方：XX集团有限公司）与乙方（销售方：用友软件股份有限公司）共同签订。甲方系从事制造业的企业法人，乙方为专业提供企业管理信息化解决方案的软件服务商。,"本合同标的为用友企业信息化管理软件（版本V3.0）及相关服务，包括软件产品（按用户数计费，基础版100用户）、数据升级服务、系统实施服务（预计实施周期15个工作日）。其中软件产品单价为8,800元/套，实施服务费用按28,000元/天计算，总金额为人民币壹佰贰拾万元整（小写：1,200,000元）。","合同总金额为人民币1,200,000元（大写：壹佰贰拾万元整），支付方式为：合同签订后3个工作日内支付30%定金（360,000元），系统验收合格后支付60%余款（720,000元），剩余10%作为质保金（120,000元）于服务期满后支付。所有款项均以银行转账方式支付，乙方应开具合法有效发票。",乙方负责软件的安装调试及数据导入工作，应在签约后20个工作日内完成系统实施。甲方应在3个工作日内完成验收，逾期未提出书面异议视为验收合格。服务内容包括：7×24小时电话技术支持、季度定期回访、5×8小时远程服务，紧急故障4小时内上门处理。数据备份服务按标准收费，系统异常处理响应时间不超过2小时。有偿服务收费标准为技术人员800元/人/天。,90,买卖合同--软件销售合同,买卖合同,软件销售合同,
20250401,72,72_网络设施及信息化服务合同,1969,委托方|服务方|信息网|企业客户|网络服务,网络设施|信息化|网站推广|搜索引擎|域名注册,项目款|一次性|全额退|价格调整|补充协议|银行转账|邮局汇款|费用合计|年度费用,及时生效|效果承诺|访问失败|内容不符|收录失败|排名靠后|申请失败|免费登录|生效时间|价格标准|协议延长|书面变更|主体消失|不可抗力|减少损失|间接损失,本合同由委托方（企业客户）与服务方（信息网或网络服务提供商）共同签订，双方就网络服务相关事宜达成协议。,本合同标的为网络设施建设及信息化服务，包括网站推广、搜索引擎优化及域名注册等网络技术服务。,合同价款包括项目款、年度费用等，支付方式可选择银行转账或邮局汇款。费用合计后，委托方可选择一次性支付或分期支付。若因服务方原因导致合同无法履行，应全额退款；价格调整或支付方式变更需签订补充协议。,本合同自签署后及时生效，服务方承诺提供符合约定的网络推广效果，如出现访问失败、内容不符、收录失败、排名靠后或申请失败等情况，服务方应承担相应责任。委托方可享受免费登录等权益。协议生效时间、价格标准等条款需明确约定，若需变更或延长协议期限，须经双方书面确认。如遇主体消失、不可抗力等情形，双方应协商减少损失，但服务方不承担间接损失责任。,101,服务合同--网络电信服务合同,服务合同,网络电信服务合同,
20250401,73,73_中国证券登记结算有限责任公司结算参与人结算协议,4247,结算参与人|证券经营|自营业务|经纪业务|证券登记|证券交易|证券账户|证券质押|证券回购|证券清算|证券交收|证券划拨|证券资金|证券权益|证券违约,证券结算|资金结算|结算业务|质押券|结算账户|结算备付金|证券交收|债券回购|结算数据|清算交收|结算风险|结算保证金|结算平台|结算指令|结算系统,结算利息|结算费用|结算资金|结算备付金|结算保证金|结算划款|结算扣划|结算追偿|结算赔偿|结算违约金|结算超额|结算限额|结算存款|结算利率|结算支付,开立账户|资金划拨|质押提交|交收责任|清算数据|交收指令|结算核对|结算记录|结算限制|结算暂停|结算处分|结算补购|结算注销|结算终止|结算延续|结算备份|结算差错|结算补救|结算扣划|结算追偿|结算赔偿|结算超额|结算限额|结算存款|结算利率|结算支付,本合同主体为结算参与人，包括从事证券经营业务的机构，涵盖自营业务与经纪业务范畴。涉及证券登记、证券交易账户管理、证券质押与回购操作，以及证券清算、交收、划拨等流程。同时明确证券资金权益归属及证券违约处理责任。,本合同标的为证券结算与资金结算业务，包括质押券管理、结算账户操作及结算备付金划转等。具体涵盖证券交收、债券回购、结算数据核对及清算交收流程，同时涉及结算风险管理、结算保证金缴纳、结算平台使用、结算指令执行及结算系统维护等相关服务内容。,合同价款与支付条款包括结算利息计算、结算费用收取及结算资金划付等内容。明确结算备付金与保证金的缴存标准，约定结算划款、扣划及追偿程序，并规定结算赔偿、违约金计算方式。同时列明结算超额处理、限额管理、存款利率及支付流程等财务事项。”,交易条款规定开立结算账户、资金划拨流程及质押提交要求，明确交收责任与清算数据核对义务。包括交收指令发送、结算记录保存、限制与暂停条件，以及结算处分、补购与注销程序。同时约定结算终止或延续条件，要求数据备份并制定差错补救方案，详细规定扣划、追偿、赔偿等争议处理机制及超额资金管理规则。,125,银行业务合同--银行结算合同,银行业务合同,银行结算合同,
20250401,74,74_期货委托合同,3044,证券公司|代理人|委托人|法人代表|授权人,商品买卖|期货交易|订单执行|实货交付|保证金,初始保证金|追加保证金|交易佣金|货款支付|结算价,委托代理|契约订立|授权终止|费用承担|订单核实|保证金调整|平仓结算|通讯费用|手续办理|印鉴留存|联络登记|订单报表|文件格式|契约修改|法律诉讼|交易规则,本合同主体包括证券公司、代理人、委托人、法人代表及授权人，各方依据授权关系履行相应权利义务。,本合同标的为商品买卖及期货交易，包括订单执行与实货交付，交易过程中需缴纳保证金以确保履约。,合同价款与支付涉及初始保证金、追加保证金、交易佣金及货款支付，最终结算以市场结算价为准。,本合同交易条款涵盖委托代理、契约订立、授权终止、费用承担及订单核实等事项，并规定保证金调整、平仓结算、通讯费用及手续办理等操作细则。此外，印鉴留存、联络登记、订单报表及文件格式需符合约定，契约修改、法律诉讼及交易规则适用相关法律法规。,105,证券期货合同（投资理财合同）--期货交易合同,证券期货合同（投资理财合同）,期货交易合同,
20250401,75,75_现货合同,3119,生产企业|会员|买方|卖方|交易市场|指定仓库,阴极铜|铝锭|锌锭|铅锭|质量标准|交易单位|报价单位|交割单位,初始定金|合同价值|人民币|支付货款|结算日|增值税发票|货款结算,交易时间|价格限制|交易手续费|交割手续费|最后交易|标准交割|最小交割|溢短限制|交割地点|交割品牌|质量异议|仓单|升贴水|转让合同|违约处理|质检部门,本合同交易主体包括生产企业、会员单位、买方和卖方，交易通过指定的交易市场进行。产品交割需在合同约定的指定仓库完成。,本合同标的物包括阴极铜、铝锭、锌锭、铅锭等金属产品，所有产品均需符合约定的质量标准。交易以标准单位进行，报价单位为人民币元/吨，交割单位为整数吨位。,合同价款以人民币计算，买方需支付初始定金。货款结算日为合同约定的结算日，买方应在规定时间内支付货款，卖方需提供增值税发票。合同价值按实际交易数量计算。,交易在约定时间内进行，设有价格限制。交易需支付交易手续费和交割手续费。最后交易日为合同规定日期，采用标准交割方式，最小交割量为约定数量，允许在溢短限制范围内浮动。交割地点为指定仓库，交割品牌需符合约定。如对质量有异议，可提交质检部门复检。交易使用仓单制度，允许升贴水调整。合同可按规定转让，违约按约定处理。,85,买卖合同--工矿产品买卖合同,买卖合同,工矿产品买卖合同,
